id,name,type,question,ocena,answers/0,answers/1,answers/2,answers/3,correct_answer_index,answers/4
0,Matematyka,Egzaminy Gimnazjalne,Krawędź czworościanu foremnego ma długość 4 cm. Pole powierzchni całkowitej tego czworościanu jest równe,1,4√3 cm2,8√3 cm2,16√3 cm2,32√3 cm2,2,
1,Matematyka,Egzaminy Gimnazjalne,"Dokończ zdanie tak, aby otrzymać zdanie prawdziwe. Odległość na osi liczbowej między największą i najmniejszą spośród liczb: 0, 3/4, -5/2, -2 jest równa",1,1 3/4,3 1/4,2 3/4,1 1/4,1,
2,Matematyka,Egzaminy Gimnazjalne,"Dokończ zdanie tak, aby otrzymać zdanie prawdziwe. Połowa uczestników wycieczki urodziła się w Polsce, co trzeci urodził się w Niemczech, a pięciu pozostałych we Francji. W wycieczce brało udział",1,26 osób.,30 osób.,46 osób.,60 osób.,1,
3,Matematyka,Egzaminy Gimnazjalne,"Dokończ zdanie tak, aby otrzymać zdanie prawdziwe. Liczba (3^2 + 3^2 + 3^2)/3^3 jest równa",1qq,3^0,3^1,3^2,3^3,0,
4,Matematyka,Egzaminy Gimnazjalne,"Dokończ zdanie tak, aby otrzymać zdanie prawdziwe. Cena płyty kompaktowej po 30% obniżce wynosi 49 zł. Cena tej płyty przed obniżką była równa",1,"14,70 zł.","34,30 zł.","63,70 zł.","70,00 zł.",3,
5,Matematyka,Egzaminy Gimnazjalne,"Piechur porusza się z prędkością 4 km/h. Każdy jego krok ma długość 0,8 m. Ile kroków wykona piechur w czasie 12 minut? Wybierz odpowiedź spośród podanych.",1q,1000 kroków,800 kroków,640 kroków,100 kroków,0,
6,Matematyka,Egzaminy Gimnazjalne,"Basen ma kształt prostopadłościanu, którego podstawa (dno basenu) ma wymiary 15m x 10m Do basenu wlano 240 m3 wody, która wypełniła go do 4/5 głębokości. Jaka jest głębokość tego basenu? Wybierz odpowiedź spośród podanych.",1,"1,28 m","1,5 m",2 m,3 m,2,
7,Matematyka,Egzaminy Gimnazjalne,"Długość trasy na mapie w skali 1 : 10 000 000 jest równa 7,7 cm. W rzeczywistości trasa ta ma długość",1q,"7,7 km",77 km,770 km,7700 km,2,
8,Matematyka,Egzaminy Gimnazjalne,"Rodzice Jacka kupili 36 butelek wody mineralnej o pojemnościach 0,5 litra i 1,5 litra. W sumie zakupili 42 litry wody. Przyjmij, że x oznacza liczbę butelek o pojemności 0,5 litra, y - liczbę butelek o pojemności 1,5 litra. Który układ równań umożliwi obliczenie, ile zakupiono mniejszych butelek wody mineralnej, a ile większych?",1q,"x+y=42; 0,5x + 1,5y=36","x = 36-y; 0,5x + 1,5y=42","x+y=36; (x+y)(0,5+1,5)=42","x=42-y; 0,5y+1,5x=36",1,
9,Matematyka,Egzaminy Gimnazjalne,"Do naczynia o objętości V = 0,75 l wlano 0,45 l wody. Jaki procent objętości tego naczynia stanowi objętość wody?",1q,6,"16,(6)","33,75",60,3,
10,Matematyka,Egzaminy Gimnazjalne,"Średnia odległość Marsa od Słońca wynosi 2,28⋅ 10^8 km. Odległość ta zapisana bez użycia potęgi jest równa",1q,22 800 000 km,228 000 000 km,2 280 000 000 km,22 800 000 000 km,1,
11,Matematyka,Egzaminy Gimnazjalne,"Adam:?, Emil:25%, Agata:37,5%, Jacek:7,5%, Ela:10%. Ile procent uczniów głosowało na Adama?",1q,25,20,10,80,1,
12,Matematyka,Egzaminy Gimnazjalne,"Adam:?, Emil:25%, Agata:37,5%, Jacek:7,5%, Ela:10%. Jaka część uczniów głosowała na Agatę?",1q,Mniej niż 1/4 ogółu,"Mniej niż 1/3, ale więcej niż 1/4 ogółu.","Więcej niż 1/3, ale mniej niż 2/5 ogółu.",Więcej niż 2/5 ogółu.,2,
13,Matematyka,Egzaminy Gimnazjalne,"Jajo strusia jest około 3 razy dłuższe od jaja kury. Jeśli założyć, że żółtka tych jaj mają kształt kul podobnych w skali 3 : 1, to żółtko w strusim jaju ma objętość większą niż żółtko w jaju kurzym",1,27 razy.,9 razy.,6 razy.,3 razy.,0,
14,Matematyka,Egzaminy Gimnazjalne,"Grupa złożona z i dwóch siedemnastolatków utworzyła Koło Ekologiczne. Średnia wieku członków tego koła jest równa trzynastu dziesięciolatków, jednego dwunastolatka",3,11,12,13,14,0,
15,Matematyka,Egzaminy Gimnazjalne,"W pewnym państwie liczba osób niepełnoletnich jest równa p, pełnoletnich w wieku poniżej 60 lat jest o połowę mniej, a pozostałych dorosłych jest k razy mniej niż osób niepełnoletnich. Liczbie ludności tego państwa odpowiada wyrażenie",1,"1,5 + p/k","(p − 0,5)k","p + 0,5 p/k","1,5p + p/k",3,
16,Matematyka,Egzaminy Gimnazjalne,"W ramach prac renowacyjnych odtworzono na ścianie budowli zegar słoneczny, który powstał w 1533 roku. Pod nowym zegarem zapisano datę tej renowacji - MCMXC. Po ilu latach od powstania tego zegara słonecznego odtworzono go na ścianie budowli? Wybierz właściwą odpowiedź spośród podanych.",1,Po 457 latach.,Po 407 latach.,Po 157 latach.,Po 107 latach.,0,
17,Matematyka,Egzaminy Gimnazjalne,"Samochód na pokonanie pierwszego odcinka trasy zużył 27 litrów benzyny. Na drugim odcinku trasy, mającym długość 150 km, zużył on dwa razy mniej benzyny niż na pierwszym odcinku. Średnie zużycie benzyny na kilometr było na każdym odcinku trasy takie samo. Dokończ zdanie. Wybierz właściwą odpowiedź spośród podanych. Średnie zużycie benzyny przez ten samochód na każde 100 km tej trasy było równe",1,"4,5 litra.",9 litrów.,"13,5 litra.",18 litrów.,1,
18,Matematyka,Egzaminy Gimnazjalne,W czytelni ustawiono 20 stolików dwuosobowych i 10 stolików czteroosobowych. Po pewnym czasie 10% stolików dwuosobowych zastąpiono tą samą liczbą stolików czteroosobowych. Dokończ zdanie. Wybierz właściwą odpowiedź spośród podanych. Liczba stolików czteroosobowych zwiększyła się o,1,2%,5%,10%,20%,3,
19,Matematyka,Egzaminy Gimnazjalne,Dokończ zdanie. Wybierz właściwą odpowiedź spośród podanych. Iloraz √12/(√75 * √3) jest równy,1q,2√3 / 15,2/5,4√3 / 15,4/5,0,
20,Matematyka,Egzaminy Gimnazjalne,"W autobusie jechało m mężczyzn i k kobiet. Na przystanku wysiedli 2 mężczyźni i 3 kobiety, a wsiadło 5 mężczyzn i 2 kobiety. Dokończ zdanie. Wybierz właściwą odpowiedź spośród podanych. Gdy autobus odjechał z tego przystanku, podróżowało nim",3,(m + 3) mężczyzn i (k - 1) kobiet.,(m - 3) mężczyzn i (k - 1) kobiet.,(m + 3) mężczyzn i (k + 1) kobiet.,(m - 3) mężczyzn i (k + 1) kobiet.,0,
21,Matematyka,Egzaminy Gimnazjalne,Dany jest trójkąt prostokątny ABC o przyprostokątnych długości 15 cm i 20 cm. Dokończ zdanie. Wybierz właściwą odpowiedź spośród podanych. Przeciwprostokątna trójkąta DEF podobnego do trójkąta ABC w skali 2:1 ma długość,1,25 cm,30 cm,40 cm,50 cm,3,
22,Matematyka,Egzaminy Gimnazjalne,"Pole podstawy walca jest równe 36π, a pole jego powierzchni bocznej jest 3 razy większe niż pole podstawy.  Dokończ zdanie. Wybierz właściwą odpowiedź spośród podanych. Wysokość tego walca jest równa",1,3,6,9,18,2,
23,Matematyka,Egzaminy Gimnazjalne,"Paweł przejechał na rowerze trasę długości 700 m w czasie 2 min. Dokończ zdanie. Wybierz właściwą odpowiedź spośród podanych. Prędkość średnia, jaką uzyskał Paweł na tej trasie, jest równa",1,"10,5 km/h",14 km/h,21 km/h,35 km/h,2,
24,Matematyka,Egzaminy Gimnazjalne,Dane są cztery wyrażenia: I. 3/4 * (-3) II. 3/4 : (-3) III. 3/4 + (-3) IV. - 3/4 - 3 Dokończ zdanie. Wybierz właściwą odpowiedź spośród podanych. Największą wartość ma wyrażenie,2qq,I,II,III,IV,1,
25,Matematyka,Egzaminy Gimnazjalne,"Dokończ zdanie. Wybierz właściwą odpowiedź spośród podanych. Zaokrąglenie ułamka okresowego 9,2(6) z dokładnością do 0,001 jest równe",1q,"9,262","9,263","9,266","9,267",3,
26,Matematyka,Egzaminy Gimnazjalne,Dane są trzy wyrażenia: I. (2√3)^2 II. 2√2⋅ 4√2 III. 4√18/√2 Wartości których wyrażeń są mniejsze od 15? Wybierz właściwą odpowiedź spośród podanych.,2,Tylko I i II.,Tylko I i III.,Tylko II i III.,"I, II i III.",1,
27,Matematyka,Egzaminy Gimnazjalne,W pewnej szkole do egzaminu gimnazjalnego przystąpiło o 60 chłopców więcej niż dziewcząt. Chłopcy stanowili 65% liczby osób piszących egzamin. Ile dziewcząt przystąpiło do tego egzaminu? Wybierz właściwą odpowiedź spośród podanych.,1,200,130,70,39,2,21
28,Matematyka,Egzaminy Gimnazjalne,"Dane są dwie liczby x i y. Wiadomo, że x≥8 oraz y≤-2. Dokończ zdanie. Wybierz właściwą odpowiedź spośród podanych. Najmniejsza możliwa wartość różnicy x - y jest równa",1,10,6,-6,-10,0,
29,Matematyka,Egzaminy Gimnazjalne,"Uczniowie mieli wyznaczyć zmienną r ze wzoru F =G ⋅ mM/r^2 . W tabeli przedstawiono rezultaty pracy kilkorga z nich. Agata:r = GmM/2F, Bartek:r = √(GmM/F) Czarek:r = mM/2FG  Dorota:r =√(F/GmM) Kto z uczniów poprawnie wyznaczył zmienną r? Wybierz właściwą odpowiedź spośród podanych.",2,Agata,Bartek,Czarek,Dorota,1,
30,Matematyka,Egzaminy Gimnazjalne,"Sprzedawca kupił do swojego sklepu m kilogramów marchwi i b kilogramów buraków: zapłacił po 1,50 zł za kilogram marchwi i po 0,90 zł za kilogram buraków. Warzywa te sprzedał za łączną kwotę 180 złotych. Które wyrażenie przedstawia różnicę kwoty uzyskanej za sprzedane warzywa i kosztu ich zakupu? Wybierz właściwą odpowiedź spośród podanych.",1q,"m · 1,5 + b · 0,9 + 180","m · 1,5 - b · 0,9 - 180","180 - (m · 1,5 + b · 0,9)","180 - (m · 1,5 - b · 0,9)",2,
31,Matematyka,Egzaminy Gimnazjalne,Prostokąt o wymiarach 3√3 cm i 5√3 cm podzielono na 15 jednakowych kwadratów. Dokończ zdanie. Wybierz właściwą odpowiedź spośród podanych. Pole jednego kwadratu jest równe,1,1 cm^2,3 cm^2,45 cm^2,3 cm^2,3,
32,Matematyka,Egzaminy Gimnazjalne,"Do akwarium w kształcie prostopadłościanu o wymiarach 90 cm, 40 cm, 50 cm wlano 40 litrów wody. Ile litrów wody należy jeszcze dolać do akwarium, aby sięgała ona do połowy jego wysokości? Wybierz właściwą odpowiedź spośród podanych.",1,50,70,90,140,0,
33,Matematyka,Egzaminy Gimnazjalne,"Dokończ zdanie. Wybierz właściwą odpowiedź spośród podanych. Na osi liczbowej liczba równa wartości wyrażenia arytmetycznego (1 - 5/6)-0,5 znajduje się między",3,"-1 i −0,5","−0,5 i 0","0 i 0,5","0,5 i 1",1,
34,Matematyka,Egzaminy Gimnazjalne,Poniżej podano kilka kolejnych potęg liczby 7. 71^ = 7 7^2 = 49 7^3 = 343 7^4 = 2401 7^5 = 16 807 7^6 = 117 649 7^7 = 823 543 7^8 = 5 764 801 7^9 = 40 353 607. Dokończ zdanie. Wybierz właściwą odpowiedź spośród podanych. Cyfrą jedności liczby 7^190 jest,1,1,3,7,9,3,
35,Matematyka,Egzaminy Gimnazjalne,"W dodatniej liczbie trzycyfrowej cyfra dziesiątek jest równa 5, a cyfra setek jest o 6 mniejsza od cyfry jedności. Ile jest liczb spełniających te warunki? Wybierz właściwą odpowiedź spośród podanych.",1,Jedna.,Dwie.,Trzy.,Cztery.,2,
36,Matematyka,Egzaminy Gimnazjalne,"Zmieszano dwa gatunki herbaty, droższą i tańszą, w stosunku 2 : 3. Cena jednego kilograma tej herbacianej mieszanki wynosi 110 zł. Gdyby te herbaty zmieszano w stosunku 1 : 4, to cena za 1 kg tej mieszanki wynosiłaby 80 zł. Na podstawie podanych informacji zapisano poniższy układ równań. 2/5x + 3/5y = 110; 1/5x + 4/5y = 80. Co oznacza x w tym układzie równań? Wybierz właściwą odpowiedź spośród podanych.",1,Cenę 1 kg herbaty droższej.,Cenę 1 kg herbaty tańszej.,Cenę 5 kg herbaty droższej.,Cenę 5 kg herbaty tańszej.,0,
37,Matematyka,Egzaminy Gimnazjalne,"Doświadczenie losowe polega na dwukrotnym rzucie monetą. Jeśli wypadnie orzeł, zapisujemy 1, a jeśli reszka - zapisujemy 2. Wynikiem doświadczenia jest zapisana liczba dwucyfrowa. Jakie jest prawdopodobieństwo, że zapisana liczba jest podzielna przez 3? Wybierz właściwą odpowiedź spośród podanych.",1,0,1/4,1/3,1/2,3,
38,Matematyka,Egzaminy Gimnazjalne,"Pięć różnych liczb naturalnych zapisano w kolejności od najmniejszej do największej: 1, a, b, c, 10. Mediana liczb: 1, a, b jest równa 3, a mediana liczb: a, b, c, 10 jest równa 5. Dokończ zdanie. Wybierz właściwą odpowiedź spośród podanych. Liczba c jest równa",1,4,5,6,7,2,
39,Matematyka,Egzaminy Gimnazjalne,"Liczba x jest dodatnia, a liczba y jest ujemna. Ile spośród liczb: x*y, x - y, x/y, (y - x)^2 jest dodatnich? Wybierz właściwą odpowiedź spośród podanych.",1qq,Jedna.,Dwie.,Trzy.,Cztery.,1,
40,Matematyka,Egzaminy Gimnazjalne,"Jeżeli a, b i c są długościami boków trójkąta oraz c jest najdłuższym bokiem, to ten trójkąt jest: prostokątny, gdy a^2 + b^2 = c^2, rozwartokątny, gdy a^2 + b^2 < c^2, ostrokątny, gdy a^2 + b^2 > c^2. Dokończ zdanie. Wybierz właściwą odpowiedź spośród podanych. Z odcinków o długościach: 2√3,3√2,√3",3,nie można zbudować trójkąta.,można zbudować trójkąt prostokątny.,można zbudować trójkąt rozwartokątny.,można zbudować trójkąt ostrokątny.,2,
41,Matematyka,Egzaminy Gimnazjalne,"Szklane naczynie w kształcie prostopadłościanu o wymiarach 6 cm, 15 cm i 18 cm napełniono częściowo wodą i szczelnie zamknięto. Następnie naczynie postawiono na jego ścianie o największej powierzchni i wtedy woda sięgała do wysokości 4 cm. Dokończ zdanie. Wybierz właściwą odpowiedź spośród podanych. Kiedy naczynie postawiono na ścianie o najmniejszej powierzchni, to woda sięgała do wysokości",1,8 cm,10 cm,12 cm,16 cm,2,
42,Matematyka,Egzaminy Gimnazjalne,"Zosia zebrała 2 kg malin i wsypała je do trzech takich samych pojemników. Masa pustego pojemnika była równa 0,05 kg. Pierwszy pojemnik z malinami miał masę 3/4 kg, a masa drugiego pojemnika z malinami była równa 0,70 kg. Ile malin wsypała Zosia do trzeciego pojemnika? Wybierz właściwą odpowiedź spośród podanych.",1q,"0,45 kg","0,55 kg","0,60 kg","0,65 kg",3,
43,Matematyka,Egzaminy Gimnazjalne,Na osi liczbowej zaznaczono dwa punkty S i T. Odcinek ST podzielono na 12 równych części. S T 250 1000 Dokończ zdanie. Wybierz właściwą odpowiedź spośród podanych. Długość odcinka ST jest równa,1,1750,1500,1250,1000,1,
44,Matematyka,Egzaminy Gimnazjalne,"Dane są liczby: I. 0,1(47) II. 0,1552 III. 0,1(5) Dla których liczb zaokrąglenie do części setnych jest równe 0,15? Wybierz właściwą odpowiedź spośród podanych.",1qq,"I, II i III.",Tylko I i II.,Tylko I i III.,Tylko I. E. Tylko III.,3,
45,Matematyka,Egzaminy Gimnazjalne,"Dane są liczby: a=4√3 , b = 3√8 , c = 6√2 , d = 2√6 . Która zależność jest prawdziwa? Wybierz właściwą odpowiedź spośród podanych.",3,a > b,b < c,a > d,c = d,2,
46,Matematyka,Egzaminy Gimnazjalne,Do zbiornika wypełnionego w 65% wodą dolano 12 litrów wody. Teraz woda wypełnia 80% pojemności zbiornika. Ile litrów wody jest teraz w zbiorniku? Wybierz właściwą odpowiedź spośród podanych.,1,52 litry,64 litry,77 litrów,80 litrów,1,
47,Matematyka,Egzaminy Gimnazjalne,"Dane są trzy liczby: a = 10^23 + 1, b = 10^23 − 1, c = 10^23 + 2. Które z tych liczb są podzielne przez 3? Wybierz właściwą odpowiedź spośród podanych.",1,Tylko liczby a i b.,Tylko liczba b.,Tylko liczby b i c.,Tylko liczba c.,2,
48,Matematyka,Egzaminy Gimnazjalne,"Dany jest zestaw liczb: 4, 9, 11, 15, 21. Do podanych liczb dopisano jeszcze jedną liczbę i wtedy średnia arytmetyczna nowego zestawu liczb zwiększyła się o 1. Która liczba została dopisana? Wybierz właściwą odpowiedź spośród podanych.",1,10,12,13,18,3,
49,Matematyka,Egzaminy Gimnazjalne,Ostrosłup i graniastosłup mają takie same podstawy. Obie bryły mają łącznie 25 wierzchołków. Ile wierzchołków ma ostrosłup? Wybierz właściwą odpowiedź spośród podanych.,1,6,8,9,10,2,
50,Matematyka,Egzaminy Gimnazjalne,"Z sześcianu o objętości 27 cm3 usunięto jedną kostkę sześcienną o krawędzi 1 cm. Ściana usuniętej kostki należała do ściany sześcianu, ale żaden z wierzchołków tej kostki nie należał do krawędzi sześcianu. Dokończ zdanie. Wybierz właściwą odpowiedź spośród podanych. Pole powierzchni powstałej bryły jest równe",1,48 cm2,54 cm2,58 cm2,59 cm2,2,
51,Matematyka,Egzaminy Gimnazjalne,"Aby przygotować suchą zaprawę do tynkowania ścian, należy zmieszać piasek, wapno i cement odpowiednio w stosunku 15 : 4 : 1. W którym wierszu tabeli podane są właściwe ilości składników potrzebnych do otrzymania 140 kg takiej zaprawy? (I II III IV) Piasek (kg) (101 109 105 105) Wapno (kg) (32 24 28 56) Cement (kg) (8 7 7 14)",2,I,II,III,IV,2,
52,Matematyka,Egzaminy Gimnazjalne,"Cegła ma kształt prostopadłościanu o wymiarach 24 cm × 12 cm × 6 cm. Jakie są wymiary ścianki cegły, którą ta cegła powinna przylegać do podłoża, aby wywierać na nie jak największe ciśnienie?",1,12 cm × 6 cm,12 cm × 24 cm,24 cm × 6 cm,"Za mało danych, by odpowiedzieć.",0,
53,Matematyka,Egzaminy Gimnazjalne,"Na trójkątnym trawniku zamontowano obrotowy zraszacz. Aby podlać jak największą powierzchnię trawnika, nie oblewając jednocześnie ścieżek, należy ustawić zraszacz w punkcie przecięcia",2,środkowych trójkąta.,symetralnych boków trójkąta.,wysokości trójkąta.,dwusiecznych kątów trójkąta.,3,
54,Matematyka,Egzaminy Gimnazjalne,"Trzy lata temu posadzono przed domem krzew. Co roku podwajał on swoją wysokość i teraz ma 144 cm. Jeśli przez x oznaczymy wysokość krzewu w dniu posadzenia, to informacjom z zadania odpowiada równanie",3,x = 144,4x = 144,6x = 144,8x = 144,3,
55,Matematyka,Egzaminy Gimnazjalne,"Promocja w zakładzie optycznym jest związana z wiekiem klienta i polega na tym, że klient otrzymuje tyle procent zniżki, ile ma lat. Cena okularów bez promocji wynosi 240 zł. Ile zapłaci za te okulary klient, który ma 35 lat? Wybierz odpowiedź spośród podanych.",1,84zł,132zł,156zł,205zł,2,
56,Matematyka,Egzaminy Gimnazjalne,"Promocja w zakładzie optycznym jest związana z wiekiem klienta i polega na tym, że klient otrzymuje tyle procent zniżki, ile ma lat. Okulary bez promocji kosztują 450 zł, a klient zgodnie z obowiązującą promocją może je kupić za 288 zł. Ile lat ma ten klient? Wybierz odpowiedź spośród podanych.",1,64,56,44,36,3,
57,Matematyka,Egzaminy Gimnazjalne,"Dokończ zdanie tak, aby otrzymać zdanie prawdziwe. Liczbą większą od 1/3 jest",3,300/900,300/900−1,300/900+1,300-1/900,1,
58,Matematyka,Egzaminy Gimnazjalne,"Dane są liczby: 3, 3^4, 3^12. Dokończ zdanie tak, aby otrzymać zdanie prawdziwe. Iloczyn tych liczb jest równy",3,3^16,3^17,3^48,3^49,1,
59,Matematyka,Egzaminy Gimnazjalne,"Dokończ zdanie tak, aby otrzymać zdanie prawdziwe. Liczba √120 znajduje się na osi liczbowej między",2,10 i 11,11 i 12,12 i 20,30 i 40,0,
60,Matematyka,Egzaminy Gimnazjalne,"Rozwinięcie dziesiętne ułamka 51/370 jest równe 0,1(378). Dokończ zdanie tak, aby otrzymać zdanie prawdziwe. Na pięćdziesiątym miejscu po przecinku tego rozwinięcia znajduje się cyfra",1qq,1,3,7,8,1,
61,Matematyka,Egzaminy Gimnazjalne,"Prędkość średnia piechura na trasie 10 km wyniosła 5 km/h , a prędkość średnia rowerzysty na tej samej trasie była równa 20 km/h . O ile minut więcej zajęło pokonanie tej trasy piechurowi niż rowerzyście? Wybierz odpowiedź spośród podanych.",1,30 minut,60 minut,90 minut,120 minut,2,
62,Matematyka,Egzaminy Gimnazjalne,Dane są kula o środku w punkcie O i promieniu r oraz walec o promieniu podstawy r i wysokości r. r O r r Na podstawie informacji wybierz zdanie prawdziwe.,3,Objętość kuli jest równa objętości walca.,Objętość kuli jest 2 razy większa od objętości walca.,Objętość walca stanowi 3/4 objętości kuli.,Objętość walca jest 3 razy mniejsza od objętości kuli.,2,
63,Matematyka,Egzaminy Gimnazjalne,"Do zespołu szkół, który składa się ze szkoły podstawowej i gimnazjum, uczęszcza 900 uczniów. Chłopcy stanowią 40% uczniów zespołu. 30% uczniów zespołu uczy się w gimnazjum, natomiast 40% uczniów gimnazjum to dziewczęta. Ilu uczniów uczęszcza do gimnazjum?",1,630,270,360,540,1,
64,Matematyka,Egzaminy Gimnazjalne,"Do zespołu szkół, który składa się ze szkoły podstawowej i gimnazjum, uczęszcza 900 uczniów. Chłopcy stanowią 40% uczniów zespołu. 30% uczniów zespołu uczy się w gimnazjum, natomiast 40% uczniów gimnazjum to dziewczęta. Ile procent uczniów zespołu szkół stanowią chłopcy uczęszczający do gimnazjum?",1,12%,18%,45%,24%,1,
65,Matematyka,Egzaminy Gimnazjalne,"Do zespołu szkół, który składa się ze szkoły podstawowej i gimnazjum, uczęszcza 900 uczniów. Chłopcy stanowią 40% uczniów zespołu. 30% uczniów zespołu uczy się w gimnazjum, natomiast 40% uczniów gimnazjum to dziewczęta. Ile razy więcej dziewcząt niż chłopców uczy się w tym zespole szkół?",1,"0,5","1,5",3,5,1,
66,Matematyka,Egzaminy Gimnazjalne,"Średnia arytmetyczna pięciu ocen cząstkowych Jacka jest równa 3,4. Jaką średnią ocen będzie miał Jacek, gdy otrzyma jeszcze czwórkę?",1q,"4,2","3,7","3,5","3,8",2,
67,Matematyka,Egzaminy Gimnazjalne,W ciągu godziny Ziemia obraca się o 15°. Ile czasu zajmuje Ziemi obrót o 110°?,1,1 godzinę 10 minut,7 godzin 30 minut,4 godziny 40 minut,7 godzin 20 minut,3,
68,Matematyka,Egzaminy Gimnazjalne,Która z narysowanych niżej liter alfabetu greckiego ma tylko jedną oś symetrii?,3,Ω,Θ,Χ,Φ,0,
69,Matematyka,Egzaminy Gimnazjalne,"Hania, płacąc w sklepie za trzy tabliczki czekolady, podała kasjerce 15 zł i otrzymała 0,60 zł reszty. Które z równań odpowiada treści zadania, jeśli cenę tabliczki czekolady oznaczymy przez x?",2,"3x + 0,6 = 15","3x + 15 = 0,6","0,6x + 3 = 15","15x + 0,6 = 3",0,
70,Matematyka,Egzaminy Gimnazjalne,"Na mapie w skali 1 : 300 000 000 odległość pomiędzy Kairem a Delhi wynosi 1,5 cm. Ile wynosi ta odległość w rzeczywistości?",1q,4500 km,2000 km,450 km,200 km,0,
71,Matematyka,Egzaminy Gimnazjalne,Uczestnicy wycieczki rowerowej potrzebują szczegółowej mapy. Najdokładniejsza będzie mapa w skali,3,1:5 000,1:10 000,1:25 000,1:50 000,0,
72,Matematyka,Egzaminy Gimnazjalne,W wycieczce rowerowej uczestniczy 32 uczniów. Chłopców jest o 8 więcej niż dziewcząt. Ilu chłopców jest w tej grupie?,1,12,16,20,24,2,
73,Matematyka,Egzaminy Gimnazjalne,"Wojtek, Marek, Janek i Kuba zorganizowali wyścigi rowerowe. W tabeli podano czasy uzyskane przez chłopców. (Imię chłopca, Uzyskany czas) (Wojtek, Marek, Janek, Kuba) (5 min 42 s, 6 min 5 s, 7 min 8 s, 4 min 40 s) Ile czasu po zwycięzcy przybył na metę ostatni chłopiec?",1,1 min 2 s,2 min 28 s,3 min 8 s,3 min 32 s,1,
74,Matematyka,Egzaminy Gimnazjalne,"Zosia zaoszczędziła 45 zł. Bilet do ogrodu botanicznego kosztuje 10,50 zł. Ile najwięcej biletów może kupić Zosia?",1q,2,3,4,6,2,
75,Matematyka,Egzaminy Gimnazjalne,"Podczas spaceru brat Zosi jedzie czterokołowym rowerkiem. Obwód dużego koła wynosi 80 cm, a małego 40 cm. O ile obrotów więcej wykona małe koło rowerka niż duże na półkilometrowym odcinku drogi?",1,2500,1250,625,400,2,
76,Matematyka,Egzaminy Gimnazjalne,"Podczas trzydniowej pieszej wycieczki uczniowie przeszli 39 km. Drugiego dnia pokonali dwa razy dłuższą trasę niż pierwszego dnia, a trzeciego o 5 km mniej niż pierwszego. Ile km przebyli pierwszego dnia?",1,6,11,22,28,1,
77,Matematyka,Egzaminy Gimnazjalne,"Na lekcji jazdy konnej dzieci dosiadały konia prowadzonego po okręgu na napiętej uwięzi o długości 5 metrów. Jaką drogę pokonał koń, jeżeli łącznie przebył 40 okrążeń? Wynik zaokrąglij do 0,1 km.",1q,"Około 1,3 km",Około 1 km,"Około 0,2 km","Około 12,6 km",0,
78,Matematyka,Egzaminy Gimnazjalne,"W trakcie konkursu każda drużyna otrzymała plastelinę i 120 patyczków tej samej długości. Zadanie polegało na zbudowaniu ze wszystkich patyczków 15 modeli sześcianów i czworościanów. Który układ równań powinna rozwiązać drużyna, aby dowiedzieć się, ile sześcianów i ile czworościanów trzeba zbudować? x - liczba czworościanów, y - liczba sześcianów",2,x+y=15; 12x-6y=120,6y-12x=120; x+y=15,6x+6y=120; x+y=15,x+y=15; 6x+12y=120,3,
79,Matematyka,Egzaminy Gimnazjalne,"W pewnej hurtowni za 120 jednakowych paczek herbaty trzeba zapłacić 1500 zł. Ile takich paczek herbaty można kupić w tej hurtowni za 600 zł, przy tej samej cenie za jedną paczkę? Wybierz odpowiedź spośród podanych.",1,48,50,52,56,0,
80,Matematyka,Egzaminy Gimnazjalne,"Ile spośród liczb: 2/3, 1/2, 10/25, 1/4 spełnia warunek 2/5 < x < 3/5? Wybierz odpowiedź spośród podanych.",1,Jedna liczba.,Dwie liczby.,Trzy liczby.,Cztery liczby.,0,
81,Matematyka,Egzaminy Gimnazjalne,"Dane są liczby: a = (-2)^12, b = (-2)^11, c = 2^10. Dokończ zdanie tak, aby otrzymać zdanie prawdziwe. Liczby te uporządkowane od najmniejszej do największej to:",1qq,"c, b, a.","a, b, c.","c, a, b.","b, c, a.",3,
82,Matematyka,Egzaminy Gimnazjalne,"Ania ma w skarbonce 99 zł w monetach o nominałach 2 zł i 5 zł. Monet dwuzłotowych jest 2 razy więcej niż pięciozłotowych. Dokończ zdanie tak, aby otrzymać zdanie prawdziwe. Jeżeli przez x oznaczymy liczbę monet pięciozłotowych, a przez y - liczbę monet dwuzłotowych, to podane zależności opisuje układ równań",2,y = 2x; 2x+5y=99,y=2x; 5x+2y=99,x=2y; 5x+2y=99,x=2y; 2x+5y=99,1,
83,Matematyka,Egzaminy Gimnazjalne,"Punkt B jest środkiem okręgu. Prosta AC jest styczna do okręgu w punkcie C, |AB| = 20 cm i |AC| = 16 cm. C A B Dokończ zdanie tak, aby otrzymać zdanie prawdziwe. Promień BC okręgu ma długość",1,12 cm,10 cm,4 cm,2 cm,0,
84,Matematyka,Egzaminy Gimnazjalne,"Jeden z kątów wewnętrznych trójkąta ma miarę α, drugi ma miarę o 30° większą niż kąt α, a trzeci ma miarę trzy razy większą niż kąt α. Dokończ zdanie tak, aby otrzymać zdanie prawdziwe. Trójkąt ten jest",3,równoboczny.,równoramienny.,rozwartokątny.,prostokątny.,3,
85,Matematyka,Egzaminy Gimnazjalne,"Kąt ostry rombu ma miarę 45º, a wysokość rombu jest równa h. h 45º Dokończ zdanie tak, aby otrzymać zdanie prawdziwe. Pole tego rombu można wyrazić wzorem",2,P = h^2,P = (h^2)√2,P = (h^2)√2 / 2,P = (h^2)√3 / 4,1,
86,Matematyka,Egzaminy Gimnazjalne,"Dokończ zdanie tak, aby otrzymać zdanie prawdziwe. Suma objętości 8 kul, z których każda ma promień 1, jest taka sama jak objętość jednej kuli o promieniu",1,8√3,8,2√2,2,3,
87,Matematyka,Egzaminy Gimnazjalne,"Dokończ zdanie. Wybierz właściwą odpowiedź spośród podanych. Odległość między punktami, które na osi liczbowej odpowiadają liczbom -2,3 i 1/3 , jest równa",3,"−2, 3 − 1/3","2,3 − 1/3","1/3 - 2,3","1/3 + 2,3",3,
88,Matematyka,Egzaminy Gimnazjalne,"Z cyfr 2, 3 i 5 Ania utworzyła wszystkie możliwe liczby trzycyfrowe o różnych cyfrach. Które z poniższych zdań jest prawdziwe? Wybierz właściwą odpowiedź spośród podanych.",3,Wszystkie liczby utworzone przez Anię są nieparzyste.,Wszystkie liczby utworzone przez Anię są mniejsze od 530.,Dwie liczby utworzone przez Anię są podzielne przez 5.,Wśród liczb utworzonych przez Anię są liczby podzielne przez 3.,2,
89,Matematyka,Egzaminy Gimnazjalne,Dane są liczby: I. 25^41 II. 125^41 III. 2^862 IV. 5^431 Która z tych liczb jest największa? Wybierz właściwą odpowiedź spośród podanych.,2,I,II,III,IV,3,
90,Matematyka,Egzaminy Gimnazjalne,Dokończ zdanie. Wybierz właściwą odpowiedź spośród podanych. Liczba √(3.stopnia)(81 ⋅ 64) jest równa,3,72,36,24√(3.st)3,12√(3.st)3,3,
91,Matematyka,Egzaminy Gimnazjalne,"W tabeli podano, w jaki sposób zmienia się cena biletu na prom w ciągu całego roku. Cena podstawowa biletu na prom: 40 zł, w sezonie zimowym: cena podstawowa obniżona o 20%, w sezonie letnim: cena podstawowa podwyższona o 200%, Cena biletu poza sezonem zimowym i letnim: cena podstawowa. Dokończ zdanie. Wybierz właściwą odpowiedź spośród podanych. Bilet na prom w sezonie letnim jest droższy od biletu w sezonie zimowym o",2,88zł,72zł,48zł,32zł,0,
92,Matematyka,Egzaminy Gimnazjalne,W klasie IIIa liczba dziewcząt stanowi 2/3 liczby wszystkich uczniów tej klasy. Dokończ zdanie. Wybierz właściwą odpowiedź spośród podanych. W klasie IIIa,3,jest więcej chłopców niż dziewcząt.,liczba dziewcząt stanowi 3/2 liczby chłopców.,jest dwa razy więcej dziewcząt niż chłopców.,stosunek liczby chłopców do liczby dziewcząt jest równy 1 : 3.,2,
93,Matematyka,Egzaminy Gimnazjalne,"Cenę roweru obniżono o 8%. Klient kupił rower po obniżonej cenie i dzięki temu zapłacił o 120 zł mniej, niż zapłaciłby przed obniżką. Dokończ zdanie. Wybierz właściwą odpowiedź spośród podanych. Przed obniżką ten rower kosztował",1,2 000zł,1 500zł,1 380zł,960zł,1,
94,Matematyka,Egzaminy Gimnazjalne,"W pewnym zakładzie każdy z pracowników codziennie maluje taką samą liczbę jednakowych ozdób. Pracownicy potrzebowali 12 dni roboczych, aby wykonać zamówienie. Gdyby było ich o dwóch więcej, to czas wykonania tego zamówienia byłby o 3 dni krótszy. Dokończ zdanie. Wybierz właściwą odpowiedź spośród podanych. Liczbę pracowników x tego zakładu można obliczyć, rozwiązując równanie",2,12x = 9(x - 3),12x = 9(x + 2),12(x - 3) = 9x,12(x + 2) = 9x,1,
95,Matematyka,Egzaminy Gimnazjalne,"Kasia ma 6 lat. Średnia arytmetyczna wieku Ani i Pawła jest równa 12 lat. Dokończ zdanie. Wybierz właściwą odpowiedź spośród podanych. Średnia arytmetyczna wieku Kasi, Ani i Pawła jest równa",1,6 lat.,9 lat.,10 lat.,15 lat.,2,
96,Matematyka,Egzaminy Gimnazjalne,"Ewa narysowała kwadrat o boku 1, prostokąt o bokach 2 i 1 oraz kąt prosty o wierzchołku O. Następnie od wierzchołka O kąta prostego odmierzyła na jednym ramieniu kąta odcinek OA o długości równej przekątnej kwadratu, a na drugim ramieniu - odcinek OB o długości równej przekątnej prostokąta. Dokończ zdanie. Wybierz właściwą odpowiedź spośród podanych. Długość odcinka AB jest równa",1,√7,√2 + √5,√5,√2 + √3,0,
97,Matematyka,Egzaminy Gimnazjalne,"Wiedząc, że każdy uczeń podał tylko jeden rodzaj zainteresowań, rozwiąż zadanie. Pływanie:70, informatyka:130, Narciarstwo:40, filatelistyka:20, modelarstwo:30, kolarstwo:60. Ilu uczniów brało udział w ankiecie?",1,250,320,350,370,2,
98,Matematyka,Egzaminy Gimnazjalne,"Wiedząc, że każdy uczeń podał tylko jeden rodzaj zainteresowań, rozwiąż zadanie. Pływanie:70, informatyka:130, Narciarstwo:40, filatelistyka:20, modelarstwo:30, kolarstwo:60. O ilu mniej uczniów interesuje się kolarstwem niż informatyką?",1,70,110,120,130,0,
99,Matematyka,Egzaminy Gimnazjalne,"Wiedząc, że każdy uczeń podał tylko jeden rodzaj zainteresowań, rozwiąż zadanie. Pływanie:70, informatyka:130, Narciarstwo:40, filatelistyka:20, modelarstwo:30, kolarstwo:60. Ile procent wszystkich uczniów interesuje się pływaniem?",1,5%,20%,50%,70%,1,
100,Matematyka,Egzaminy Gimnazjalne,Jacek i Paweł zbierają znaczki. Jacek ma o 30 znaczków więcej niż Paweł. Razem mają 350 znaczków. Ile znaczków ma Paweł?,1,145,160,190,205,1,
101,Matematyka,Egzaminy Gimnazjalne,"Paweł kupił australijski znaczek i 3 znaczki krajowe. Każdy znaczek krajowy kosztował tyle samo. Za wszystkie znaczki zapłacił 16 zł. Ile kosztował znaczek australijski, jeśli był pięciokrotnie droższy niż znaczek krajowy?",1,4zł,10zł,12zł,13zł,1,
102,Matematyka,Egzaminy Gimnazjalne,"Marta i Jacek, wyjeżdżając na wycieczkę rowerową, spotkali się w połowie drogi od swoich miejsc zamieszkania oddalonych o 8 km. Marta jechała ze średnią szybkością 16 km/h, a Jacek 20 km/h. Marta wyjechała z domu o godzinie 14:00. O której godzinie wyjechał Jacek, jeśli na miejsce spotkania dotarł o tej samej godzinie co Marta?",1,13:53,13:57,14:03,14:12,2,
103,Matematyka,Egzaminy Gimnazjalne,"Podczas pobytu w miejscowości górskiej Adam wypożyczył narty w wypożyczalni SUPER, a Bartek w wypożyczalni EKSTRA. Super:[Cena za wypożyczenie nart: 10 zł i dodatkowo 5 zł za każdą godzinę używania] Ekstra:[Cena za wypożyczenie nart: 18 zł i dodatkowo 3 zł za każdą godzinę używania] Koszt wypożyczenia nart w obu firmach będzie taki sam, jeżeli chłopcy będą używać nart przez:",1,4 godziny,6 godzin,8 godzin,10 godzin,0,
104,Matematyka,Egzaminy Gimnazjalne,"Różnica wysokości pomiędzy wjazdem do tunelu a najwyższym wzniesieniem wynosi 1800 m. Różnica temperatur wynosi średnio 0,6 C na każde 100 metrów różnicy wysokości. Ile wynosi temperatura powietrza przy wjeździe do tunelu, jeżeli na szczycie jest -10 C?",2q,około - 21 C,około - 6 C,około 1 C,około 6 C,2,
105,Matematyka,Egzaminy Gimnazjalne,Maciek wjechał na szczyt góry kolejką linową w czasie 10 minut. Z jaką średnią szybkością poruszała się ta kolejka? Wykorzystaj informacje zamieszczone na tablicy zawieszonej przed wejściem do kas. Długość trasy kolejki Długość trasy kolejki: 1200 metrów Cena biletu w górę: 10 zł,1,2 m/s,4 m/s,15 m/s,150 m/s,0,
106,Matematyka,Egzaminy Gimnazjalne,"Pasją Filipa są komputery. Filip wie, że elementarną jednostką informacji jest bit. Jeden bit informacji jest kodowany jedną z dwóch wartości 0 lub 1. Dwóm bitom odpowiadają cztery możliwości: 00, 01, 10, 11. Ile możliwości odpowiada trzem bitom?",1,2,4,6,8,3,
107,Matematyka,Egzaminy Gimnazjalne,"Filip zamieścił na swojej stronie internetowej następujące informacje dotyczące planet Układu Słonecznego. Nazwa planety (Merkury, Wenus, Ziemia, Mars, Jowisz, Saturn, Uran, Neptun, Pluton) Masa planety w stosunku do masy Ziemi (0,06, 0,82, 1, 0,11, 317,9, 95,18, 14,5, 17,24, 0,002) Liczba księżyców (0, 0, 1, 2, 16, 20, 17, 8, 1) Która z planet o masie mniejszej niż masa Ziemi ma najwięcej księżyców?",1q,Mars,Saturn,Neptun,Pluton,0,
108,Matematyka,Egzaminy Gimnazjalne,"Dorota stworzyła bazę danych o krajach azjatyckich. Zamieściła w niej następujące informacje na temat Mongolii: ludność w tysiącach: 2538, stolica: nazwa: Ułan Bator ludność w tys.: 627. W stolicy Mongolii mieszka:",3,prawie co drugi mieszkaniec Mongolii,prawie co czwarty mieszkaniec Mongolii,prawie co dziesiąty mieszkaniec Mongolii,prawie co trzysta czterdziesty mieszkaniec Mongolii,1,
109,Matematyka,Egzaminy Gimnazjalne,"Do pracowni komputerowej zakupiono 8 nowych monitorów i 6 drukarek za łączną kwotę 9400 zł. Drukarka była o 300 zł tańsza niż monitor. Cenę monitora można obliczyć, rozwiązując równanie:",2,8x + 6(x + 300) = 9400,8x + 6(x - 300) = 9400,8(x-300) + 6x = 9400,8(x + 300) + 6(x-300) = 9400,1,
110,Przyroda,Egzaminy Gimnazjalne,"Pod dwoma kloszami posadzono w glebie po 10 siewek fasoli jednakowej wielkości. Roślinom zapewniono takie same warunki: wilgotność, temperaturę i dostęp światła. Pod pierwszym kloszem obok roślin postawiono naczynie z wodorotlenkiem wapnia Ca(OH)2. Po upływie pewnego czasu porównano rośliny i stwierdzono, że rośliny pod pierwszym kloszem były mniejsze niż pod drugim. Przyczyną zahamowania ich wzrostu był",2,niedobór wody.,niedobór tlenu.,spadek temperatury.,niedobór tlenku węgla(IV).,3,
111,Przyroda,Egzaminy Gimnazjalne,W którym zestawie uporządkowano nazwy węgli kopalnych zgodnie z geologicznym czasem ich powstania (od najstarszego do najmłodszego)?,3,"Węgiel kamienny, węgiel brunatny, torf.","Węgiel brunatny, węgiel kamienny, torf.","Torf, węgiel brunatny, węgiel kamienny.","Węgiel kamienny, torf, węgiel brunatny.",0,
112,Przyroda,Egzaminy Gimnazjalne,"Występujące w pokładach węgla kamiennego skamieniałości roślin świadczą o tym, że węgiel jest skałą osadową pochodzenia",1,chemicznego.,okruchowego.,wulkanicznego.,organicznego.,3,
113,Przyroda,Egzaminy Gimnazjalne,"Człowiek w trosce o swoje środowisko naturalne coraz częściej czerpie energię z odnawialnych źródeł energii. Wskaż odpowiedź, w której wymieniono wyłącznie odnawialne źródła energii.",3,"Węgiel kamienny, wiatr, ropa naftowa.","Pływy morskie, wiatr, energia słoneczna.","Energia słoneczna, gaz ziemny, wody geotermalne.","Energia jądrowa, energia słoneczna, wody płynące.",1,
114,Przyroda,Egzaminy Gimnazjalne,Żelazo można otrzymać z rud przez redukcję jego tlenku węglem. Który zapis równania reakcji jest prawidłowy?,3,Fe2O3 + C → 3Fe + CO2,Fe2O3 + 3C → 2Fe + CO2,Fe2O3 + 2C → 2Fe + 2CO2,2Fe2O3 + 3C → 4Fe + 3CO2,3,
115,Przyroda,Egzaminy Gimnazjalne,Szklana płytka umieszczona nisko nad płomieniem świecy pokrywa się czarną substancją. Tą substancją jest,1,para wodna.,tlenek węgla(IV).,tlenek węgla(II).,sadza (węgiel).,3,
116,Przyroda,Egzaminy Gimnazjalne,"Na żarówkach do latarek znajdują się informacje o warunkach ich pracy. 2,4 V 0,75 A pierwsza żarówka 2,4 V 0,5 A druga żarówka Jeżeli w tym samym czasie każda z żarówek pracuje w warunkach zgodnych z umieszczoną na niej informacją, to",3q,pierwsza żarówka pobiera prąd o większej mocy.,do pierwszej żarówki przyłożone jest mniejsze napięcie.,przez drugą żarówkę płynie prąd o większym natężeniu.,opór pierwszej żarówki jest większy niż drugiej.,0,
117,Przyroda,Egzaminy Gimnazjalne,Paweł uchylił drzwi z ciepłego pokoju do zimnego korytarza. Wzdłuż pionowej szczeliny powstałej między drzwiami i framugą przesuwał zapaloną świeczkę. W którym fragmencie szczeliny płomień świeczki powinien odchylić się od pionu najmniej?,1,W środkowym.,W dolnym.,W górnym.,Wszędzie jednakowo.,0,
118,Przyroda,Egzaminy Gimnazjalne,"Uczniowie mieli otrzymać 5-procentowy wodny roztwór soli. Pracowali w czterech zespołach. W tabeli podano masy składników wykorzystanych przez każdy z zespołów. (Zespół, Masa soli, Masa wody) (I II III IV) (1 g 1 g 5 g 5 g) (20 g 19 g 100 g 95 g) Który zespół prawidłowo dobrał masy składników?",2,Tylko zespół III.,Tylko zespół IV.,Zespół I i zespół III.,Zespół II i zespół IV.,3,
119,Przyroda,Egzaminy Gimnazjalne,"Wybierz zdanie, które jest prawdziwe dla wody jako związku chemicznego.",3,Woda należy do węglowodanów.,Skład chemiczny wody można zmienić.,Składu chemicznego wody nie można zmienić.,Woda należy do wodorotlenków.,2,
120,Przyroda,Egzaminy Gimnazjalne,Ile atomów tworzy cząsteczkę wody i ile pierwiastków wchodzi w jej skład?,1,"Dwa atomy, trzy pierwiastki.","Trzy atomy, dwa pierwiastki.","Trzy atomy, jeden pierwiastek.","Dwa atomy, dwa pierwiastki.",1,
121,Przyroda,Egzaminy Gimnazjalne,"Ile gramów wodoru i ile gramów tlenu znajduje się w 72 g wody? (Masy atomowe: MH = 1 u, MO = 16 u)",1,"wodoru - 8 g, tlenu - 64 g","wodoru - 2 g, tlenu - 16 g","wodoru - 48 g, tlenu - 24 g","wodoru - 64 g, tlenu - 8 g",0,
122,Przyroda,Egzaminy Gimnazjalne,"Objętość (V) cieczy przepływającej przez rurę o polu przekroju S oblicza się według wzoru V = Svc t, gdzie vc oznacza prędkość przepływu cieczy, t - czas przepływu. Który wzór na prędkość cieczy przepływającej przez rurę jest rezultatem poprawnego przekształcenia podanego wzoru?",2,vc = V/St,vc = St/V,vc = VSt,vc = S/Vt,0,
123,Przyroda,Egzaminy Gimnazjalne,W ekosystemie wodnym fitoplankton (plankton roślinny) pełni rolę,2,producentów.,destruentów.,konsumentów I rzędu.,konsumentów wyższych rzędów.,0,
124,Przyroda,Egzaminy Gimnazjalne,"Żywych form fitoplanktonu nie spotyka się na dużych głębokościach w morzach i oceanach przede wszystkim dlatego, że",2,panuje tam za niska temperatura.,dociera tam za mało światła.,panuje tam za wysokie ciśnienie.,jest tam za mało pokarmu.,1,
125,Przyroda,Egzaminy Gimnazjalne,Które zdanie jest prawdziwe?,2,Ameryka Północna i Azja zajmują łącznie więcej niż połowę lądów Ziemi.,Europa ma najmniejszą powierzchnię spośród wszystkich kontynentów.,Afryka i Azja mają łącznie większą powierzchnię niż pozostałe lądy Ziemi.,Powierzchnia Azji stanowi mniej niż jedną trzecią powierzchni lądów Ziemi.,3,
126,Przyroda,Egzaminy Gimnazjalne,Jaką część powierzchni lądów na Ziemi zajmuje Afryka?,1,1/4,1/5,1/20,1/50,1,
127,Przyroda,Egzaminy Gimnazjalne,Jaką powierzchnię ma Australia?,1,"0,9 mln km2",6 mln km2,9 mln km2,90 mln km2,2,
128,Przyroda,Egzaminy Gimnazjalne,Powierzchnia Antarktydy jest większa od powierzchni Europy o,1,3 mln km2,"7,5 mln km2",30 mln km2,"34,5 mln km2",0,
129,Przyroda,Egzaminy Gimnazjalne,Określ oddziaływania między populacją mszycy a populacją brzozy.,2,Rywalizują o zasoby środowiska.,Obie odnoszą wzajemne korzyści.,Nie są zdolne do życia jedna bez drugiej.,"Jedna z populacji osiąga korzyści, a druga ponosi straty.",3,
130,Przyroda,Egzaminy Gimnazjalne,Między którymi organizmami zachodzą oddziaływania nieantagonistyczne?,3,Pająk - mucha.,Sosna - dąb.,Kleszcz - człowiek.,Pszczoła - lipa.,3,
131,Przyroda,Egzaminy Gimnazjalne,"Na południe od pewnego równoleżnika Słońce codziennie wschodzi i zachodzi, zaś na północ od tego równoleżnika występuje zjawisko dni i nocy polarnych. Powyższy opis dotyczy równoleżnika",2,66º33′N,66º33′S,23º27′N,23º27′S,0,
132,Przyroda,Egzaminy Gimnazjalne,Która cecha dotyczy południków?,2,Są różnej długości.,Mają kształt okręgów.,Łączą dwa bieguny Ziemi.,Wyznaczają kierunek wschód-zachód.,2,
133,Przyroda,Egzaminy Gimnazjalne,Który z podanych napojów ma najbardziej kwasowy odczyn?,3,Mleko.,Coca-cola.,Woda sodowa.,Sok pomarańczowy.,1,
134,Przyroda,Egzaminy Gimnazjalne,Wybierz zdanie prawdziwe.,,Woda sodowa ma odczyn zasadowy.,Woda destylowana ma odczyn obojętny.,Roztwór amoniaku ma odczyn kwasowy.,Preparat do udrażniania rur ma właściwości silnego kwasu.,1,
135,Przyroda,Egzaminy Gimnazjalne,"Tlenki azotu o ogólnym wzorze NxOy mogą reagować z parą wodną znajdującą się w chmurach, tworząc kwaśne deszcze. Wówczas może zajść reakcja NxOy + H2O → 2HNO3 Wartości indeksów stechiometrycznych x i y są rozwiązaniem układu równań",3,x:y=1:2; x+y=3,x:y=2:3; x+y=5,x:y=2:1; x+y=3,x:y=2:5; x+y=7,3,
136,Przyroda,Egzaminy Gimnazjalne,Wybierz zdanie prawdziwe.,3,Sód (Na) reaguje z wodą.,W reakcji srebra (Ag) z ZnCl2 wydzieli się cynk (Zn).,Złoto (Au) jest bardziej aktywne chemicznie niż potas (K).,W reakcji złota (Au) z kwasem siarkowym(VI) wydzieli się wodór.,0,
137,Przyroda,Egzaminy Gimnazjalne,Wybierz zdanie prawdziwe dotyczące sodu (23 11 Na ).,3,W jądrze atomu sodu jest 11 neutronów.,Liczba atomowa sodu jest równa 12.,"Atom sodu ma konfigurację elektronową: 2, 8, 1.",Sód leży w trzecim okresie i drugiej grupie układu okresowego.,2,
138,Przyroda,Egzaminy Gimnazjalne,"1 mol to taka ilość materii, która zawiera w przybliżeniu 6·10^23 (odpowiednio) atomów, cząsteczek lub jonów. Ile cząsteczek wody zawartych jest w 0,25 mola wody?",2,"1,5·10^23","0,5·10^22",10^23,"0,25·10^23",0,
139,Przyroda,Egzaminy Gimnazjalne,Zarodek kukurydzy znajdujący się w ziarniaku,3,"odżywia się autotroficznie, oddycha beztlenowo.","odżywia się kosztem bielma, oddycha tlenowo.","odżywia się kosztem łupiny owocowo-nasiennej, oddycha tlenowo.","odżywia się kosztem bielma, oddycha beztlenowo.",1,
140,Przyroda,Egzaminy Gimnazjalne,"W tabeli przedstawiono procentowy skład powietrza wdychanego i wydychanego. Składniki powietrza (Azot, Tlen, Dwutlenek węgla) Zawartość w powietrzu wdychanym (78,4%, 20,8%, 0,04%) Zawartość w powietrzu wydychanym (74,3%, 15,3%, 4,2%) Wybierz stwierdzenie objaśniające zasadność stosowania sztucznego oddychania metodą „usta - usta”.",3,Człowiek całkowicie wykorzystuje tlen zawarty w powietrzu wdychanym.,Człowiek nie wykorzystuje azotu zawartego w powietrzu.,Człowiek nie wykorzystuje całkowicie tlenu zawartego w powietrzu wdychanym.,Człowiek wytwarza dwutlenek węgla w swoim organizmie.,2,
141,Przyroda,Egzaminy Gimnazjalne,"Morze Bałtyckie jest słabo zasolone. Wartość zasolenia waha się od 0,2% w Zatoce Botnickiej do 1,8% u wybrzeży Danii, a średnie zasolenie Oceanu Atlantyckiego jest równe 3,4%. Która z poniższych odpowiedzi wyjaśnia tak niskie zasolenie?",2,"Duże parowanie, wąskie połączenie z oceanem, niewielki dopływ słodkich wód.","Duży dopływ słodkich wód, wąskie połączenie z oceanem, niewielkie parowanie.","Gorący klimat, duży dopływ wód słodkich, swobodna wymiana wód z oceanem.","Małe parowanie, niewielki dopływ wód rzecznych, swobodna wymiana wód z oceanem.",1,
142,Przyroda,Egzaminy Gimnazjalne,"W różnych publikacjach jako jednostka energii pojawia się czasem toe. 1 toe odpowiada energii, jaką uzyskuje się z 1 tony ropy naftowej i równa się 41 868 MJ (1 MJ = 1 000 000 J). Ilu dżulom równa się 1 toe?",2,"4,1868 · 10^11","4,1868 · 10^8","4,1868 · 10^9","4,1868 · 10^10",3,
143,Przyroda,Egzaminy Gimnazjalne,"Z zależności pokarmowych podanych wynika, że jeśli zniszczone zostaną wszystkie uprawy grochu, to wyginą",3,mszyce.,mszyce i oprzędziki pręgowane.,oprzędziki pręgowane.,"mszyce, małe pająki i małe ptaki.",2,
144,Przyroda,Egzaminy Gimnazjalne,"Mitochondria to elementy komórki, w których uwalniana jest energia potrzebna organizmowi. W organizmie człowieka najwięcej mitochondriów jest w komórce",3,kostnej.,tłuszczowej.,naskórka.,mięśniowej.,3,
145,Przyroda,Egzaminy Gimnazjalne,Jak nazywa się proces uwalniania energii w mitochondriach?,1,Mitoza.,Fotosynteza.,Osmoza.,Oddychanie komórkowe.,3,
146,Przyroda,Egzaminy Gimnazjalne,"W ciepły, słoneczny dzień postawiono na parapecie okiennym dwie identyczne szklanki. Do jednej z nich nalano 150 ml wody, a do drugiej 150 ml denaturatu o tej samej temperaturze. Po pewnym czasie zaobserwowano, że zmniejszyła się ilość obu cieczy, ale denaturatu ubyło więcej. Z tej obserwacji wynika, że",3,woda nagrzała się do wyższej temperatury niż denaturat.,denaturat paruje wolniej niż woda.,niektóre ciecze parują szybciej niż inne.,ciecze parują tylko w miejscach nasłonecznionych.,2,
147,Przyroda,Egzaminy Gimnazjalne,"Niektóre ssaki zapadające w sen zimowy zwijają się w kulę. Przyjmując taki kształt,",3,zajmują w norach maksymalnie dużo miejsca.,chronią się przed nadmiernym wypromieniowaniem ciepła.,bardziej nagrzewają wnętrze nory.,pobierają podczas snu najwięcej wilgoci potrzebnej do przetrwania.,1,
148,Przyroda,Egzaminy Gimnazjalne,Wapno gaszone Ca(OH)2 jest składnikiem zaprawy murarskiej. Jej twardnienie zachodzi pod wpływem dwutlenku węgla. Wybierz poprawnie zapisane równanie zachodzącej wtedy reakcji.,3,Ca(OH)2 + 2CO -> CaCO3 + H2O,Ca(OH)2 + CO2 -> CaCO3 + H2O,Ca(OH)2 + 2CO2 -> 2CaCO3 + 2H2O,Ca(OH)2 + CO -> CaCO3 + H2,1,
149,Przyroda,Egzaminy Gimnazjalne,"Szczątki roślin i zwierząt ulegają w glebie rozkładowi na proste związki mineralne. Aby ten rozkład był moŜliwy, potrzebny jest tlen, poniewaŜ",3,mikroorganizmy powodujące rozkład potrzebują go do oddychania.,jest on produktem fotosyntezy.,powoduje zwęglanie się resztek organicznych.,jest on składnikiem wody.,0,
150,Przyroda,Egzaminy Gimnazjalne,"W dniach równonocy wiosennej i jesiennej, gdy Słońce nad równikiem góruje w zenicie, oświetla ono",3,bardziej półkulę północną.,bardziej półkulę południową.,równomiernie obie półkule.,tylko obszary okołorównikowe.,2,
151,Przyroda,Egzaminy Gimnazjalne,Zjawisko nocy polarnej można zaobserwować na,3,przylądku Horn.,przylądku Dondra.,przylądku Morris Jesup.,Przylądku Południowo-Wschodnim.,2,
152,Przyroda,Egzaminy Gimnazjalne,"Dwie identyczne metalowe kulki, z których jedna miała ładunek +10 μC, a druga +2 μC, zetknięto ze sobą, a następnie rozdzielono. Po rozdzieleniu tych kulek każda z nich ma ładunek równy",3,+5 μC,+12 μC,+8 μC,+6 μC,3,
153,Przyroda,Egzaminy Gimnazjalne,"Zapis uzyskany za pomocą elektrokardiografu, czyli EKG pozwala ocenić",3,poziom cholesterolu we krwi.,zawartość hemoglobiny we krwi.,szybkość przepływu krwi w tętnicach i żyłach.,"zmiany, jakie zachodzą w sercu podczas jego pracy.",3,
154,Przyroda,Egzaminy Gimnazjalne,"Uczniowie przeprowadzili doświadczenie z siewkami rzodkiewki. Przygotowali trzy zestawy doświadczalne, z których każdy zawierał tę samą liczbę jednakowych siewek. Każdy zestaw siewek naświetlali przez 10 dni światłem o jednakowym natężeniu, ale o innej barwie: białej, czerwonej lub zielonej. Codziennie mierzyli przyrost roślin. Określ problem, który uczniowie chcieli rozwiązać.",3,Czy natężenie światła wpływa na wzrost siewek rzodkiewki?,Czy obecność światła wpływa na wzrost siewek rzodkiewki?,Czy barwa światła ma wpływ na wzrost siewek rzodkiewki?,Czy czas naświetlania ma wpływ na wzrost siewek rzodkiewki?,2,
155,Przyroda,Egzaminy Gimnazjalne,"Komórki bakterii, w przeciwieństwie do komórek organizmów jądrowych, nie mają",3,cytoplazmy.,mitochondriów.,rybosomów.,błony komórkowej.,1,
156,Przyroda,Egzaminy Gimnazjalne,"Proces rozpadu kwasów, zasad i soli na jony pod wpływem wody to",1,elektroliza.,dyfuzja.,dysocjacja.,dekantacja.,2,
157,Przyroda,Egzaminy Gimnazjalne,"Kwas, którego cząsteczka, rozpadając się całkowicie pod wpływem wody, utworzy największą liczbę jonów, to",3,HNO3,H3PO4,H2SO4,H2CO3,1,
158,Przyroda,Egzaminy Gimnazjalne,"Masa atomowa węgla wynosi 12 u, a masa atomowa wodoru 1 u. Masa cząsteczkowa etanu C2H6 jest równa",1,8 u,13 u,30 u,74 u,2,
159,Przyroda,Egzaminy Gimnazjalne,"Masa atomowa węgla wynosi 12 u, a masa atomowa wodoru 1 u. W jakim stosunku masowym łączy się węgiel z wodorem w etanie?",1,1:3,1:4,3:1,4:1,3,
160,Przyroda,Egzaminy Gimnazjalne,"Energię zużywaną przez organizm człowieka można wyrażać w kilokaloriach (kcal) lub w kilodżulach (kJ). Przyjmij, że 1 kcal = 4,19 kJ. Wskaż prawidłową odpowiedź.",3,"130 kcal to 54,47 kJ",5447 kcal to 130 kJ,"130 kcal to 544,7 kJ","544,7 kcal to 130 kJ",2,
161,Przyroda,Egzaminy Gimnazjalne,"Syrena alarmowa wydaje dźwięk o częstotliwości 170 Hz. Jaką długość ma fala dźwiękowa, jeśli jej prędkość w powietrzu ma wartość 340 m/s ?",1,"0,5 m",2 m,510 m,57 800 m,1,
162,Przyroda,Egzaminy Gimnazjalne,"Do cukrów prostych, które krążą we krwi człowieka, należy",2,celuloza.,glikogen.,glukoza.,sacharoza.,2,
163,Przyroda,Egzaminy Gimnazjalne,Wskaż równanie reakcji zobojętniania.,2,2Na + 2HCl → 2NaCl + H2↑,NaOH + HNO3 → NaNO3 + H2O,Na2O + 2HNO3 → 2Na NO3 + H2O,NaCl + AgNO3 → NaNO3 + AgCl↓,1,
164,Przyroda,Egzaminy Gimnazjalne,Proces prowadzący do rozwoju miast i obszarów miejskich oraz wzrostu udziału ludności miejskiej w ogólnej liczbie ludności to,1,aglomeracja.,demografia.,migracja.,urbanizacja.,3,
165,Przyroda,Egzaminy Gimnazjalne,"Następnego dnia po wycieczce rowerzyści odczuwali ból mięśni. Przyczyną tych dolegliwości był nagromadzony w mięśniach kwas mlekowy, powstający w wyniku",2,oddychania tlenowego.,oddychania beztlenowego.,wymiany gazowej w tkankach.,połączenia tlenu z hemoglobiną.,1,
166,Przyroda,Egzaminy Gimnazjalne,"Dwaj chłopcy, stojąc na deskorolkach, pociągnęli za końce napiętej między nimi liny. Jeżeli pierwszy chłopiec ma dwa razy większą masę od drugiego, to",3,żaden z chłopców nie uzyska prędkości.,obaj chłopcy uzyskają prędkość o takiej samej wartości.,uzyska on dwa razy większą szybkość niż lżejszy chłopiec.,uzyska on dwa razy mniejszą szybkość niż lżejszy chłopiec.,3,
167,Przyroda,Egzaminy Gimnazjalne,Woda w jeziorze ma zielony kolor wskutek występowania w niej glonów. „Zakwit wody” mógł być spowodowany,3,częstymi opadami kwaśnych deszczów.,nadmiernym nawożeniem okolicznych pól.,zanieczyszczeniem wody związanym z otwarciem kąpieliska.,przedostaniem się do wody paliwa z uszkodzonej łodzi motorowej.,1,
168,Przyroda,Egzaminy Gimnazjalne,Procesy zachodzące w naszym otoczeniu przebiegają z wydzielaniem ciepła do otoczenia (egzotermiczne) lub z pobieraniem ciepła z otoczenia (endotermiczne). Procesem endotermicznym jest,3,prażenie skały wapiennej.,spalanie drewna w ognisku.,mieszanie wapna palonego z wodą,wlewanie kwasu siarkowego do wody.,0,
169,Przyroda,Egzaminy Gimnazjalne,"W tabeli podano gęstości wybranych gazów. Nazwa substancji chemicznej (hel, dwutlenek węgla, powietrze) Gęstość w g/dm3 (w temp. 25°C) (0,164 1,811 1,185) Każdy z trzech cienkich, gumowych baloników napełniono taką samą objętością różnych gazów: pierwszy helem, drugi powietrzem, trzeci dwutlenkiem węgla. Następnie wszystkie baloniki puszczono swobodnie. Okazało się, że",3,wszystkie uniosły się wysoko.,wszystkie pozostały przy ziemi.,"dwa uniosły się wysoko, a jeden pozostał przy ziemi.","jeden uniósł się wysoko, a dwa pozostały przy ziemi.",3,
170,Przyroda,Egzaminy Gimnazjalne,"Woda w basenie jest podgrzewana. Aby obliczyć energię potrzebną do jej ogrzania, należy znaleźć w tablicach gęstość i ciepło właściwe wody oraz znać",2,objętość i temperaturę końcową wody.,"objętość, temperaturę początkową i końcową wody.",głębokość i szerokość basenu oraz różnicę temperatur wody.,powierzchnię basenu oraz temperaturę początkową i końcową wody.,1,
171,Przyroda,Egzaminy Gimnazjalne,"Podczas gotowania lub smażenia jaja kurzego, białko ścina się nieodwracalnie. Innym czynnikiem powodującym nieodwracalne ścinanie białka jest",3,zimna woda.,sól kuchenna.,alkohol etylowy.,roztwór cukru.,2,
172,Przyroda,Egzaminy Gimnazjalne,Krokodyla można opisać następująco:,3,"wąż, zmiennocieplny, drapieżca, jajorodny","gad, stałocieplny, wody ciepłe","drapieżca, gad, zmiennocieplny, jajorodny","stałocieplny, płaz, jajorodny, zęby jadowe",2,
173,Przyroda,Egzaminy Gimnazjalne,"Znaczek z kolekcji Jacka upamiętnia wydarzenie, które miało miejsce 8 czerwca 2000 roku. Wówczas z miejscowości Yulara w środkowej Australii wyruszyła sztafeta niosąca znicz olimpijski przed olimpiadą w Sydney. W Australii było to:",3,pod koniec kalendarzowej wiosny,na początku kalendarzowego lata,pod koniec kalendarzowej jesieni,na początku kalendarzowej zimy,2,
174,Przyroda,Egzaminy Gimnazjalne,Marta przygotowała prowiant na wycieczkę rowerową. Pakowane przez nią produkty żywnościowe zawierają ważne dla organizmu związki chemiczne. Które z nich są dla organizmu głównie źródłem energii?,1,białka,cukry,sole mineralne,witaminy,1,
175,Biologia,Egzaminy Maturalne,W której fazie cyklu komórkowego zachodzi replikacja DNA? Zaznacz właściwą odpowiedź spośród podanych.,1,faza G1,faza S,faza G2,faza M,1,
176,Biologia,Egzaminy Maturalne,"Spośród pary rodziców, którzy zgłosili się do poradni genetycznej, przyszły ojciec nie ma mutacji w genie RB1, ale przyszła matka odziedziczyła uszkodzony allel RB1 po swoim ojcu. Ile wynosi prawdopodobieństwo, że u dziecka tej pary rodziców rozwinie się siatkówczak? Zaznacz właściwą odpowiedź spośród podanych .",1,0%,25%,45%,75%,2,90%
177,Biologia,Egzaminy Maturalne,Jaką funkcję pełnią mikrotubule w ruchu komórek? Zaznacz właściwą odpowiedź spośród podanych.,3,Mikrotubule tworzą wewnętrzny szkielet wici.,Podjednostki tubuliny hydrolizują ATP dostarczający energii do ruchu wici .,Skracanie się mikrotubul wici skutkuje ciągnięciem za sobą całej komórki .,Polimeryzacja mikrotubul powoduje wydłużanie wici i odpychanie się komórki od podłoża.,0,
178,Biologia,Egzaminy Maturalne,Dokończ zdanie. Zaznacz właściwą odpowiedź spośród podanych. Charakterystycznym objawem niedoboru witaminy C jest,2,utrata ostrości widzenia.,zmniejszenie krzepliwości krwi.,suchość i nadmierne rogowacenie skóry.,osłabienie i pękanie ścian naczyń krwionośnych.,3,
179,Biologia,Egzaminy Maturalne,W której części komórki eukariotycznej znajduje się aktywny kompleks dehydrogenazy pirogronianowej? Zaznacz właściwą odpowiedź spośród podanych.,2,cytozol,macierz mitochondrialna,zewnętrzna błona mitochondrium,wewnętrzna błona mitochondrium,1,przestrzeń międzybłonowa w mitochondrium
180,Biologia,Egzaminy Maturalne,Dokończ zdanie. Zaznacz właściwą odpowiedź spośród podanych. Czaszki amfisben przystosowały się do drążenia tuneli w ziemi w wyniku,3,dryfu genetycznego.,efektu założyciela .,specjacji.,doboru naturalnego.,3,
181,Biologia,Egzaminy Maturalne,Dokończ zdanie. Zaznacz właściwą odpowiedź spośród podanych. W celu wzrokowej oceny w czasie rzeczywistym wyglądu błony śluzowej tchawicy wykonuje się,3,spirometrię.,RTG klatki piersiowej.,bronchoskopię.,gastroskopię.,2,
182,Biologia,Egzaminy Maturalne,"Dokończ zdanie. Zaznacz właściwą odpowiedź spośród podanych. Kod genetyczny określa się jako zdegenerowany, co oznacza, że",3,różne organizmy mają ten sam kod genetyczny.,kolejne kodony następują bezpośrednio po sobie.,jeden aminokwas może być kodowany przez więcej niż jeden kodon.,kolejność kodonów w mRNA odpowiada kolejności reszt aminokwasowych w peptydzie.,2,
183,Biologia,Egzaminy Maturalne,Dokończ zdanie. Zaznacz właściwą odpowiedź spośród podanych. Zależność między wargatkiem czyścicielem a rybą przez niego czyszczoną to,3,mutualizm.,komensalizm.,drapieżnictwo.,pasożytnictwo.,0,
184,Biologia,Egzaminy Maturalne,"Spośród wymienionych narządów organizmu człowieka wybierz i zaznacz ten, który oprócz swojej podstawowej funkcji może również pełnić funkcję termogeniczną.",3,mięśnie szkieletowe,skóra,mózgowie,tarczyca,0,
185,Biologia,Egzaminy Maturalne,"Wybierz i zaznacz poprawne dokończenie poniższego zdania. Konwencja waszyngtońska, zwana CITES",3,"powstała w celu ochrony dzikich gatunków zwierząt migrujących, które regularnie przekraczają granice państw.","dotyczy ochrony obszarów wodno-błotnych, mających znaczenie międzynarodowe, zwłaszcza jako środowisko życia ptaków wodnych.",umożliwia kontrolowanie handlu i obrotu gatunkami roślin i zwierząt zagrożonych wyginięciem.,umożliwia tworzenie obszarów ochrony siedlisk przyrodniczych zagrożonych wyginięciem w państwach Unii Europejskiej.,2,
186,Biologia,Egzaminy Maturalne,Dokończ zdanie. Zaznacz właściwą odpowiedź spośród podanych. Występowanie tkanki kostnej jest charakterystyczne dla wszystkich,3,skorupiaków.,głowonogów.,strunowców.,kręgowców.,3,
187,Biologia,Egzaminy Maturalne,Dokończ zdanie. Zaznacz właściwą odpowiedź spośród podanych. Wrodzona nietolerancja fruktozy jest dziedziczona w sposób,3,autosomalny recesywny.,autosomalny dominujący.,sprzężony z płcią recesywny.,sprzężony z płcią dominujący.,0,
188,Biologia,Egzaminy Maturalne,"Zaznacz w śród wymienionych elementów budowy mitochondrium ten, w którym występuje aktywna syntaza ATP.",3,błona zewnętrzna,przestrzeń międzybłonowa,błona wewnętrzna,matriks (macierz),2,
189,Biologia,Egzaminy Maturalne,"Zaznacz poprawne dokończenie zdania. Zrekombinowane układy alleli w potomstwie muszek o opisanych genotypach powstały dzięki procesowi crossing-over, który zaszedł w",3,spermatocytach.,oocytach.,plemnikach.,komórkach jajowych.,0,
190,Biologia,Egzaminy Maturalne,Zaznacz poprawne dokończenie zdania określającego sposób dziedziczenia opisanej barwy upierzenia kur andaluzyjskich. Taki rozkład fenotypów wśród potomstwa świadczy o,3,kodominacji alleli genu warunkuj ącego barwę piór.,warunkowaniu barwy upierzenia przez dwie pary alleli.,występowaniu trzech alleli genu warunkującego barwę piór.,niezupełnej dominacji alleli genu warunkującego barwę piór.,3,
191,Biologia,Egzaminy Maturalne,W której części komórki eukariotycznej znajduje się aktywny kompleks dehydrogenazy pirogronianowej? Zaznacz właściwą odpowiedź spośród podanych.,3,cytozol,macierz mitochondrialna,zewnętrzna błona mitochondrium,wewnętrzna błona mitochon drium,1,przestrzeń międzybłonowa w mitochondrium
192,Biologia,Egzaminy Maturalne,Dokończ zdanie. Zaznacz właściwą odpowiedź spośród podanych. Zależność między wargatkiem czyścicielem a rybą przez niego czyszczoną to,2,mutualizm.,komensalizm.,drapieżnictwo.,pasożytnictwo.,0,
193,Biologia,Egzaminy Maturalne,"Zaznacz rodzaj mutacji, w wyniku której powstał chromosom Filadelfia.",2,inwersja,transwersja,transdukcja,translokacja,3,
194,Biologia,Egzaminy Maturalne,Zaznacz prawidłowe dokończenie zdania. Zależność między raflezjami a lianami to,3,konkurencja.,pasożytnictwo.,komensalizm.,mutualizm.,1,
195,Biologia,Egzaminy Maturalne,"U niektórych osób dochodzi do zaburzeń w wydzielaniu kortyzolu, który jest wytwarzany z cholesterolu w korze nadnerczy. Przed rozpoczęciem leczenia pacjenta ważne jest ustalenie, czy niedobór kortyzolu spowodowany jest niedoczynnością przysadki w zakresie produkcji ACTH (kortykotropiny), czy też przyczyną jest uszkodzenie komórek kory nadnerczy. W tym celu przeprowadza się specjalny test z mety raponem - inhibitorem enzymu, odpowiedzialnego za ostatni etap produkcji kortyzolu z cholesterolu. Oznacza się u pacjenta poziom ACTH i 11-deoksykortyzolu, następnie podaje się metyrapon, i po określonym czasie znów oznacza się poziom obu substancji. Na schemacie przedstawiono regulację wydzielania kortyzolu oraz miejsce działania metyraponu. Na podstawie: Diagnostyka czynnościowa człowieka , pod red. W.Z. Traczyka, Warszawa 1999. Zaznacz poprawne dokończenie zdania. Po podaniu metyraponu u pacjentów z niedoczynnością kortykotropową przysadki",3,poziom ACTH i poziom 11-deoksykortyzolu znacznie wzrastają.,poziom ACTH i poziom 11-deoksykortyzolu pozostają bez zmian.,"poziom ACTH pozostaje bezzmian, a poziom 11-deoksykortyzolu spada.","poziom ACTH wzrasta, a poziom 11- deoksykortyzolu pozostaje bez zmian.",1,
196,Fizyka,Egzaminy Maturalne,"Po rzece płynie motorówka. Brzegi fragmentu rzeki są do siebie równoległe. Prędkość nurtu wody względem brzegu ma wartość u = 5 m/s. Motorówka w każdej chwili ruchu jest ustawiona osią symetrii prostopadle do brzegu, a prędkość motorówki względem wody ma wartość v = 10 m/s. Prędkość motorówki względem brzegu ma wartość około",1,15 m/s,10 m/s,"8,7 m/s","11,2 m/s",3,
197,Fizyka,Egzaminy Maturalne,"Ciało o masie 5 kg rzucono pionowo do góry. Początkowa energia kinetyczna ciała wynosi 200 J. Przyjmij, że opory powietrza można pominąć. W opisanej sytuacji, gdy ciało znajdzie się na wysokości 1 m nad poziomem, z którego zostało wyrzucone, to jego energia kinetyczna wyniesie około",1,10 J,50 J,150 J,200 J,2,
198,Fizyka,Egzaminy Maturalne,"Planeta A i planeta B poruszają się po orbitach kołowych wokół wspólnego centrum grawitacyjnego. Wartość prędkości liniowej planety A jest dwa razy większa od wartości prędkości liniowej planety B. Wynika z tego, że",2,promień orbity planety A jest cztery razy mniejszy od promienia orbity planety,B. promień orbity planety A jest cztery razy większy od promienia orbity planety B.,promień orbity planety A jest dwa razy mniejszy od promienia orbity planety B.,promień orbity planety A jest dwa razy większy od promienia orbity planety B.,0,
199,Fizyka,Egzaminy Maturalne,"Ciężarek zaczepiony do sprężyny S1, której drugi koniec jest unieruchomiony, wykonuje drgania pod wpływem siły sprężystości. Okres tych drgań wynosi T. Ten sam ciężarek, ale zaczepiony do innej sprężyny S2, wykonuje drgania o okresie równym 2T. Z tego wynika, że współczynnik sprężystości sprężyny S2 jest",2,dwukrotnie mniejszy od współczynnika sprężystości sprężyny S1.,dwukrotnie większy od współczynnika sprężystości sprężyny S1.,czterokrotnie mniejszy od współczynnika sprężystości sprężyny S1.,czterokrotnie większy od współczynnika sprężystości sprężyny S1.,2,
200,Fizyka,Egzaminy Maturalne,"W wyniku emisji fotonu elektron w atomie wodoru przeszedł ze stanu energetycznego opisanego liczbą kwantową n = 6 do stanu podstawowego. Jeżeli energię elektronu w stanie podstawowym oznaczymy jako E1, to energia Ef emitowanego fotonu wyraża się wzorem:",2,Ef = 1/6 |E1|,Ef = 1/36 |E1|,Ef = 35/36 |E1|,Ef = 5/6 |E1|,2,
201,Fizyka,Egzaminy Maturalne,"Metalową płytkę oświetlano wiązką światła monochromatycznego o częstotliwości, przy której zachodzi zjawisko fotoelektryczne. Liczbę elektronów wybitych z metalu w jednostce czasu oznaczymy jako N, a maksymalną energię, jaką może mieć elektron wybity z metalu - jako Eel. Przyjmij, że każdy foton z tej wiązki światła padającej na płytkę wybija jeden elektron. Jeżeli zwiększy się częstotliwość światła, ale moc wiązki światła pozostawi się bez zmian, to",2,"Eel wzrośnie, N pozostanie bez zmian.","Eel wzrośnie, N zmaleje.","N wzrośnie, Eel pozostanie bez zmian.","N wzrośnie, Eel zmaleje.",1,
202,Fizyka,Egzaminy Maturalne,Jądro pewnego izotopu X uległo dwóm przemianom promieniotwórczym typu α oraz dwóm przemianom promieniotwórczym typu β-. W wyniku ciągu tych czterech przemian powstało jądro izotopu polonu 212 84 Po. Początkowym jądrem X było jądro,1,218 86 Rn,220 86 Rn,220 82 Pb,208 82 Pb,1,
203,Fizyka,Egzaminy Maturalne,"Rozpatrujemy trzy procesy: - zaobserwowane przez astronomów zderzenie galaktyk, - zderzenie samochodów w wypadku drogowym, - zderzenie cząsteczek gazu rzeczywistego. Zasada zachowania pędu jest spełniona",2,tylko w zderzeniu galaktyk i samochodów.,tylko w zderzeniu samochodów i cząsteczek.,tylko w zderzeniu galaktyk i cząsteczek.,w każdym przypadku. przedstawia,2,
204,Fizyka,Egzaminy Maturalne,W obwodach scalonych wykorzystuje się przede wszystkim własności,3,dielektryków.,ferromagnetyków.,półprzewodników.,nadprzewodników.,2,
205,Fizyka,Egzaminy Maturalne,Światło odbite od mokrej powierzchni często oślepia patrzącego nie pozwalając na zauważenie obiektów znajdujących się przed nami (na przykład światło reflektorów nadjeżdżającego z przeciwka samochodu lub słońce odbijające się od tafli jeziora). W tym celu stosuje się specjalne okulary eliminujące światło odbite. W okularach tych wykorzystuje się zjawisko,1,dyfrakcji światła.,odbicia światła.,polaryzacji światła.,załamania światła.,2,
206,Fizyka,Egzaminy Maturalne,"Nie można wykazać falowej natury obiektów makroskopowych, ponieważ",3,cząstki o masie spoczynkowej różnej od zera nie mają właściwości falowych.,"długości fal,odpowiadających takim obiektom są znacznie mniejsze od ich rozmiarów.",nie pozwala na to zasada nieoznaczoności.,prawa mechaniki kwantowej nie są spełnione w mechanice klasycznej,1,
207,Fizyka,Egzaminy Maturalne,Dokończ zdanie: Słońce ………………..,3,jest gwiazdą ciągu głównego.,jest zbudowane w około 99% z wodoru.,znajduje się w centrum Galaktyki.,zostanie gwiazdą neutronową.,0,
208,Fizyka,Egzaminy Maturalne,Obraz widziany w gładkiej kulistej bombce choinkowej jest prosty i pomniejszony,3,"zawsze, ponieważ bombka jest zwierciadłem rozpraszającym.",tylko w odniesieniu do przedmiotów większych niż średnica bombki.,"tylko w odniesieniu do przedmiotów, znajdujących się dalej niż średnica bombki.","Tylko, gdy oglądamy ją z odległości większych niż średnica bombki.",0,
209,Fizyka,Egzaminy Maturalne,"Dwa samochody jechały w następujący sposób: pierwszy 1,5 godz. z prędkością 60 km/h, następnie 1,5 godz. ze stałą prędkością 100 km/h; drugi przejechał 240 km, jadąc połowę drogi z prędkością 60 km/h, a drugą połowę drogi z prędkością 100 km/h. W odniesieniu do opisanych ruchów prawdziwym jest stwierdzenie, że",2q,oba samochody jechały 3 godz.,oba samochody uzyskały tę samą prędkość średnią.,prędkość średnia samochodu pierwszego była większa niż samochodu drugiego.,prędkość średnia samochodu pierwszego była mniejsza niż samochodu drugiego.,2,
210,Fizyka,Egzaminy Maturalne,"Jądro 4 He, w skład którego wchodzą dwa neutrony i dwa protony ma masę mniejszą niż suma mas dwóch swobodnych neutronów i dwóch swobodnych protonów. Różnica ta wynika z tego, że",3,reakcja syntezy jądrowej zachodzi w wysokich temperaturach.,masa swobodnego protonu jest mniejsza niż masa swobodnego neutronu.,podczas reakcji syntezy wydziela się duża ilość energii.,protony mają ładunek dodatni i odpychają się siłą elektrostatyczną.,2,
211,Fizyka,Egzaminy Maturalne,Elektron w polu elektrycznym może poruszać się,3,"ruchem jednostajnym prostoliniowych, jeżeli pole jest jednorodne.","ruchem jednostajnie zmiennym, jeżeli pole jest jednorodne.",ruchem jednostajnym lub jednostajnie zmiennym w zależności od pola.,jednostajnym lub jednostajnie zmiennym w zależności od prędkości początkowej.,1,
212,Fizyka,Egzaminy Maturalne,"Sokół leci po linii prostej z prędkością 25 m/s, goniąc gołębia, który porusza się po tej samej prostej z prędkością 20 m/s. Jeśli początkowa odległość między ptakami wynosiła 0,5 km, to sokół dogoni gołębia w czasie",1q,"0,1 s.","11,1 s.",20 s.,100 s.,3,
213,Fizyka,Egzaminy Maturalne,"Sztuczny satelita Ziemi porusza się z prędkością v po orbicie kołowej. Jeśli v1 oznacza wartość pierwszej prędkości kosmicznej, a v2 - drugiej prędkości kosmicznej, to prawidłowa jest relacja",3,v1 < v < v2,v1 > v > v2,v < v1 < v2,v1 < v2 < v,2,
214,Fizyka,Egzaminy Maturalne,"Jasio ciągnie zabawkę o ciężarze P za sznurek skierowany pod kątem α do podłogi. Siła napięcia sznurka wynosi F, a współczynnik tarcia zabawki o podłogę jest równy µ. Aby rozstrzygnąć, czy zabawka ruszy z miejsca, należy porównać ze sobą wielkości",2,µF oraz P cos α,µ(P - F) oraz F sin α,µP oraz (P - F) sin α,µ(P - F sin α) oraz F cos α.,3,
215,Fizyka,Egzaminy Maturalne,"Karłowata planeta Pluton porusza się po wydłużonej orbicie eliptycznej. Jej prędkość jest największa przy najmniejszej odległości od Słońca (peryhelium), a najmniejsza przy odległości największej (aphelium). Całkowita energia mechaniczna Plutona jest",2,równa jego maksymalnej energii kinetycznej.,jednakowa w każdym punkcie orbity.,"największa, gdy Pluton jest w aphelium.","największa, gdy Pluton jest w peryhelium.",1,
216,Fizyka,Egzaminy Maturalne,"W idealnym silniku cieplnym bezwzględna temperatura grzejnika jest 5 razy wyższa od bezwzględnej temperatury chłodnicy. Jeśli z grzejnika silnik pobrał 1000 J, to do chłodnicy oddał",1,200 J.,250 J.,750 J.,800 J.,0,
217,Fizyka,Egzaminy Maturalne,"Wiązka światła białego ulega załamaniu w soczewce skupiającej (pojedynczej, tzn. wykonanej z jednego rodzaju szkła). Jeśli ogniskowa soczewki jest równa fc dla światła czerwonego, fn dla światła niebieskiego i fż dla światła żółtego, to",2,fc < fn < fż,fż < fn < fc,fn < fż < fc,fc < fż < fn,2,
218,Fizyka,Egzaminy Maturalne,Strumień elektronów porusza się w bańce szklanej od katody (K) do anody (A). W wyniku oddziaływania pola magnetycznego strumień ten odchyli się,2,w stronę bieguna S.,w stronę bieguna N.,w górę.,w dół.,2,
219,Fizyka,Egzaminy Maturalne,Deterministyczny (przyczynowy) opis zjawisk fizycznych nie stosuje się do,3,całkowitego wewnętrznego odbicia światła.,rozpadu α jądra atomowego.,ruchu planet wokół Słońca.,topnienia lodu.,1,
220,Fizyka,Egzaminy Maturalne,"Dwaj rowerzyści poruszając się w kierunkach wzajemnie prostopadłych oddalają się od siebie z prędkością względną o wartości 5 m/s. Wartość prędkości jednego z nich jest równa 4 m/s, natomiast wartość prędkości drugiego rowerzysty wynosi",1,1 m/s.,3 m/s.,"4,5 m/s.",9 m/s.,1,
221,Fizyka,Egzaminy Maturalne,Spadochroniarz o masie 75 kg opada na spadochronie pionowo w dół z prędkością o stałej wartości 5 m/s. Siła oporów ruchu ma wartość około,1,25 N.,75 N.,250 N.,750 N.,3,
222,Fizyka,Egzaminy Maturalne,Monochromatyczna wiązka światła wysłana przez laser pada prostopadle na siatkę dyfrakcyjną. Na ekranie położonym za siatką dyfrakcyjną możemy zaobserwować,2,jednobarwne prążki dyfrakcyjne.,pojedyncze widmo światła białego.,pojedynczy jednobarwny pas światła.,widma światła białego ułożone symetrycznie względem prążka zerowego.,0,
223,Fizyka,Egzaminy Maturalne,"Zasada nieoznaczoności Heisenberga stwierdza, że",2,"im dokładniej ustalimy wartość pędu cząstki, tym dokładniej znamy jej położenie.","im dokładniej ustalimy wartość pędu cząstki, tym mniej dokładnie znamy jej położenie.",nie ma związku pomiędzy dokładnościami ustalenia wartości pędu i położenia cząstki.,"im mniej dokładnie znamy wartość pędu cząstki, tym mniej dokładnie możemy ustalić jej położenie.",1,
224,Fizyka,Egzaminy Maturalne,Wiązka dodatnio naładowanych cząstek pochodzenia kosmicznego dociera do Ziemi prostopadle do jej powierzchni w okolicach równika. W wyniku działania ziemskiego pola magnetycznego zostanie ona odchylona w kierunku Pn oś obrotu Ziemi,3,północnym.,południowym.,wschodnim.,zachodnim.,2,
225,Fizyka,Egzaminy Maturalne,"Rozciągnięcie sprężyny o 1 cm z położenia równowagi wymaga wykonania pracy 2 J. Rozciągnięcie tej samej sprężyny o 3 cm, również z położenia równowagi, wymaga wykonania pracy Pd",1,6 J.,12 J.,18 J.,24 J.,2,
226,Fizyka,Egzaminy Maturalne,Podczas przejścia wiązki światła z ośrodka o większym współczynniku załamania do ośrodka o mniejszym współczynniku załamania,3,"długość fali: rośnie, prędkość fali: rośnie","długość fali: rośnie, prędkość fali: meleje","długość fali: meleje, prędkość fali: rośnie","długość fali: meleje, prędkość fali: maleje",0,
227,Fizyka,Egzaminy Maturalne,Sprawność silnika cieplnego wynosi 20%. W ciągu 1 godziny silnik oddaje do chłodnicy 20 kJ energii. W tym czasie pobiera on z grzejnika energię cieplną o wartości,1,25 kJ.,40 kJ.,50 kJ.,100 kJ.,0,
228,Fizyka,Egzaminy Maturalne,Trzy czwarte początkowej liczby jąder pewnego izotopu promieniotwórczego ulega rozpadowi w czasie 24 godzin. Okres połowicznego rozpadu tego izotopu jest równy,1,2 godziny.,4 godziny.,8 godzin.,12 godzin.,3,
229,Fizyka,Egzaminy Maturalne,Piłka tenisowa spadła swobodnie z wysokości H. Podczas zderzenia piłki z podłogą 50% jej energii kinetycznej ulega rozproszeniu. Na jaką wysokość wzniesie się ta piłka po drugim odbiciu?,1,H/8,H/4,H/2,H/ √2,1,
230,Fizyka,Egzaminy Maturalne,"W wężu gumowym, którego jeden koniec jest sztywno uwiązany, a drugi pobudzamy do drgań powstała fala stojąca. Odległość między dwoma najbliższymi węzłami wynosi 1,5 m. Aby węzły przypadały co 1m należy częstotliwość",2q,"zwiększyć 1,5 razy.","zmniejszyć 1,5 razy.",zwiększyć 3 razy.,zmniejszyć 3 razy.,0,
231,Fizyka,Egzaminy Maturalne,Źródłem energii gwiazd są reakcje,3,rozszczepienia jąder atomowych.,egzotermiczne - chemiczne.,syntezy termojądrowej.,anihilacji par cząstka - antycząstka.,2,
232,Fizyka,Egzaminy Maturalne,"Samochód, którego silnik pracuje z mocą 30 kW jedzie ze stałą prędkością o wartości v=20 m/s. Siła napędowa samochodu jest równa",1,"0,15 kN.","0,50 kN.","1,50 kN.","6,00 N.",2,
233,Fizyka,Egzaminy Maturalne,Rozbłyski słoneczne nie wywołują na Ziemi,3,zórz polarnych.,zakłóceń łączności radiowej.,zmian magnetosfery.,przypływów i odpływów morza.,3,
234,Fizyka,Egzaminy Maturalne,"Zwiększając 4 krotnie napięcie przyspieszające naładowaną cząstkę spowodujemy, że długość fali de Broglie`a",1,wzrośnie 4 razy.,wzrośnie 2 razy.,zmaleje 2 razy.,zmaleje 4 razy.,2,
235,Fizyka,Egzaminy Maturalne,Z jednego grama radu o okresie połowicznego rozpadu równym T1/2 =1 600 lat pozostanie po upływie 8 000 lat około,1,1 mg.,3 mg.,5 mg.,30 mg.,3,
236,Fizyka,Egzaminy Maturalne,"Reakcje syntezy termojądrowej zachodzące we wnętrzu Słońca nie wymagają obecności pól magnetycznych. Podczas realizacji ziemskiego odpowiednika tych reakcji bardzo silne pola magnetyczne są niezbędne, aby",3,zjonizować używany w eksperymentach wodór.,utrzymać gorącą plazmę w ograniczonej objętości.,zrekompensować brak wielokrotnie zjonizowanych metali.,odprowadzać wzdłuż linii takich pól powstającą w eksperymencie energię.,1,
237,Fizyka,Egzaminy Maturalne,"W czasie 0,1 s ręka koszykarza trzymającego nieruchomo piłkę nadała jej pęd o wartości 3 kg*m/s Średnia wartość siły, z jaką ręka zadziałała w tym czasie na tę piłkę wynosi:",1q,"0,3 N","1,5 N",15 N,30 N,3,
238,Fizyka,Egzaminy Maturalne,Drewniany klocek pływa częściowo zanurzony w wodzie. Siła wyporu Fw i jego ciężar Q spełniają warunek:,2,Fw = -Q,Fw > Q,Fw < Q,Fw = Q,0,
239,Fizyka,Egzaminy Maturalne,"Silnik cieplny, który pobrał dwa razy więcej energii cieplnej niż oddał do chłodnicy, ma sprawność:",1,"25%,","50%,","60%,",75%.,1,
240,Fizyka,Egzaminy Maturalne,"Transformatory mają powszechne zastosowanie w technice. Jedne wykorzystywane są w zasilaczach sieciowych radioodbiorników, dostosowując napięcie z sieci do napięcia np. 9 V. Inne, stosowane np. w zasilaczach lamp kineskopowych telewizorów, muszą dostosować napięcie sieciowe o wartości skutecznej 220 V do bardzo wysokiego napięcia 25000 V. Zakładając, że przekładnia transformatora określona jest jako iloraz liczby zwojów w uzwojeniu wtórnym do liczby zwojów w uzwojeniu pierwotnym, możemy powiedzieć, że przekładnia transformatora stosowanego w zasilaczu lampy kineskopowej wynosi:",1,"około 0,0004","około 0,009","około 113,6",około 2778,2,
241,Fizyka,Egzaminy Maturalne,"Kwadratowa ramka o boku 0,1 m ustawiona prostopadle do linii jednorodnego pola magnetycznego o indukcji 0,03 T została usunięta z pola ruchem jednostajnym w czasie 0,3 s. Bezwzględna wartość siły elektromotorycznej wyindukowanej w ramce wyniosła:",1q,"0,09 V","0,01 V","0,009 V","0,001 V",3,
242,Fizyka,Egzaminy Maturalne,Izotop wodoru 3 1 H ma w porównaniu z izotopem helu 3 2 He:,3,"większą liczbę nukleonów,","mniejszą liczbę nukleonów,","większą liczbę neutronów,",mniejszą liczbę neutronów.,2,
243,Fizyka,Egzaminy Maturalne,"Jądro uranu 238 92 U przechodzi w jądro ołowiu 206 82 Pb w wyniku kilku rozpadów promieniotwórczych. Liczba rozpadów α i β-, odpowiadająca temu procesowi, jest odpowiednio równa: ",1,"8 i 6,","8 i 8,","8 i 10,",16 i 6.,0,
244,Fizyka,Egzaminy Maturalne,Czołg jedzie do przodu po linii prostej z prędkością o wartości 40 km/h względem podłoża. Górna część gąsienicy porusza się względem czołgu,2,z prędkością o wartości 0 km/h.,do przodu z prędkością o wartości 40 km/h.,do tyłu z prędkością o wartości 40 km/h.,do przodu z prędkością o wartości 80 km/h.,1,
245,Fizyka,Egzaminy Maturalne,Po ogrzaniu szczelnie zamkniętej stalowej butli zawierającej hel ciśnienie tego gazu wzrosło. Jeśli pominiemy rozszerzalność termiczną butli to gaz uległ przemianie,2,izochorycznej.,izotermicznej.,izobarycznej.,adiabatycznej.,0,
246,Fizyka,Egzaminy Maturalne,"Poniżej przedstawiono wypowiedzi trzech uczniów na temat promieniowania jądrowego. Wojtek - promieniowanie alfa to wiązka rozpędzonych jąder helu. Promieniowanie to jest bardzo przenikliwe. Mirek - promieniowanie gamma to promieniowanie elektromagnetyczne, które jest bardzo przenikliwe. Artur - promieniowanie beta to wiązka rozpędzonych elektronów. Promieniowanie to jest mniej przenikliwe od promieniowania alfa. Poprawną wypowiedź przedstawił",1,Wojtek i Artur.,Mirek i Artur.,tylko Mirek.,"Wojtek, Mirek i Artur.",2,
247,Fizyka,Egzaminy Maturalne,Atom bizmutu o liczbie atomowej 83 i liczbie masowej 209 posiada,3,"209 protonów, 83 neutrony, 83 elektrony,","83 protony, 126 neutronów, 83 elektrony,","209 protonów, 83 neutrony, 126 elektronów,","126 protonów, 83 neutrony, 83 elektrony.",1,
248,Fizyka,Egzaminy Maturalne,"W jednorodnym polu magnetycznym umieszczono trzy jednakowej wielkości pręty: z miedzi, która jest diamagnetykiem, z aluminium, które jest paramagnetykiem, oraz ze stali, która jest ferromagnetykiem. Prawdą jest, że",3,wszystkie pręty namagnesowały się jednakowo.,najsilniej namagnesował się pręt z miedzi.,najsilniej namagnesował się pręt z aluminium.,najsilniej namagnesował się pręt ze stali.,3,
249,Fizyka,Egzaminy Maturalne,"Dwa elektrony poruszają się w próżni naprzeciwko siebie z prędkościami o wartościach 0,75 c każdy względem nieruchomego układu odniesienia. Jeśli przez c oznaczono prędkość światła w próżni to wartość względnej prędkości tych elektronów jest",3,równa c.,"równa 1,5 c.","równa 0,75 c.","większa od 0,75 c, ale mniejsza od c.",3,
250,Fizyka,Egzaminy Maturalne,Zjawisko dyfrakcji światła można zaobserwować gdy światło przechodzi przez,3,szklany pryzmat.,wąską szczelinę.,cienką soczewkę.,płytkę płasko-równoległą.,1,
251,Fizyka,Egzaminy Maturalne,"Zestaw dwóch klocków o masach m = 1 kg i M = 4 kg jest pchany jeden za drugim po poziomym podłożu siłą F. W wyniku tego układ dwóch klocków uzyskał przyspieszenie o wartości 0,4 m/s2. Doświadczenie to jest wykonywane na powierzchni Ziemi, a współczynnik tarcia pomiędzy każdym z klocków i podłożem wynosi 0,2. m M F(cid:4652)(cid:4652)(cid:1318) Wartość siły reakcji, z jaką klocek o masie M działa na klocek o masie m, wynosi około",1q,10 N,2 N,"2,4 N","0,4 N",2,
252,Fizyka,Egzaminy Maturalne,"Podnośnik hydrauliczny jest urządzeniem, które można stosować do podnoszenia pojazdów. To urządzenie wypełnione jest cieczą nieściśliwą, którą ograniczają nieruchome ścianki i dwa ruchome tłoki o różnych powierzchniach. Wywierając nacisk na tłok roboczy, można powoli podnosić samochody stojące na tłoku pompy. W pewnym podnośniku hydraulicznym pole powierzchni tłoka roboczego wynosi 100 cm2, a pole powierzchni tłoka pompy jest równe 880 cm2. Ciężary obu tłoków, a także siły tarcia pomiędzy tłokami a ściankami, są bardzo małe w stosunku do ciężarów, jakie te tłoki unoszą. Najmniejsza wartość siły F1, z jaką należy działać na tłok roboczy, aby unieść samochód o masie 1 500 kg, wynosi około",1,1 670 N.,14 700 N.,170 N.,129 000 N,0,
253,Fizyka,Egzaminy Maturalne,"W powietrzu, przy tych samych warunkach atmosferycznych, rozchodzą się dwie fale dźwiękowe. Pierwsza z nich ma częstotliwość f, a druga - częstotliwość 2f. Z tego wynika, że druga fala ma",3,dwukrotnie większą prędkość niż fala pierwsza.,dwukrotnie mniejszą prędkość niż fala pierwsza.,dwukrotnie większą długość niż fala pierwsza.,dwukrotnie mniejszą długość niż fala pierwsza.,3,
254,Fizyka,Egzaminy Maturalne,"Energia fotonu padającego na płytkę metalową jest czterokrotnie większa od pracy wyjścia elektronu z tego metalu. Maksymalna energia kinetyczna, którą może mieć elektron wybity z powierzchni tego metalu, w stosunku do energii fotonu padającego na płytkę, stanowi",1,"12,50%",25%,50%,75%,3,
255,Fizyka,Egzaminy Maturalne,"Elektron wpada w obszar jednorodnego pola magnetycznego z prędkością, której kierunek jest równoległy do linii tego pola. Ewentualny wpływ innych pól na ruch elektronu pomijamy. W takiej sytuacji, ten elektron będzie poruszał się dalej w obszarze pola magnetycznego po torze, który jest fragmentem",3,okręgu.,paraboli z ramionami skierowanymi ku górze.,paraboli z ramionami skierowanymi do dołu.,prostej równoległej do linii pola magnetycznego.,3,
256,Fizyka,Egzaminy Maturalne,"Elektron w atomie wodoru przechodzi ze stanu energetycznego opisanego liczbą kwantową n = 3 do stanu podstawowego. W wyniku tego przejścia emitowany jest foton. Jeżeli energia, jaką ma elektron w stanie podstawowym, wynosi E1= - 13,6 eV, to zgodnie z modelem atomu wodoru według Bohra, energia emitowanego fotonu jest równa:",1,1/3 |E1|,1/9 |E1|,8/9 |E1|,|E1|,2,
257,Fizyka,Egzaminy Maturalne,"Planety P1 i P2 okrążają pewną gwiazdę po orbitach kołowych. Okres obiegu planety P2 dookoła tej gwiazdy jest 8 razy większy od okresu obiegu planety P1 wokół tej gwiazdy. Z tego wynika, że promień orbity, po której porusza się planeta P2, jest",2,"16 razy większy od promienia orbity, po której porusza się planeta P1.","8 razy większy od promienia orbity, po której porusza się planeta P1.","4 razy większy od promienia orbity, po której porusza się planeta P1.","2 razy większy od promienia orbity, po której porusza się planeta P1.",2,
258,Fizyka,Egzaminy Maturalne,Siły jądrowe działające pomiędzy dwoma protonami są,3,"większe od sił elektrycznych działających pomiędzy tymi protonami, niezależnie od odległości pomiędzy nimi.","na odległościach rzędu 10^-15 m większe od sił elektrycznych działających pomiędzy tymi protonami, a na dużo większych odległościach są mniejsze od sił elektrycznych.","mniejsze od sił elektrycznych działających pomiędzy tymi protonami, niezależnie od odległości pomiędzy nimi.","na odległościach rzędu 10^-15 m mniejsze od sił elektrycznych działających pomiędzy tymi protonami, a na dużo większych odległościach są większe od sił elektrycznych.",1,
259,Fizyka,Egzaminy Maturalne,"Woda w rzece płynie z prędkością 2m/s względem brzegu. Po pokładzie statku płynącego pod prąd z prędkością 3m/s względem wody biegnie marynarz, który pozostaje w spoczynku względem brzegu. Prędkość marynarza względem pokładu statku jest równa",1,1 m/s,"1,5 m/s","2,5 m/s",5 m/s,0,
260,Fizyka,Egzaminy Maturalne,"Rowerzysta jadący początkowo z prędkością 8m/s rozpoczął zjazd z górki i przyśpieszył jednostajnie wzdłuż prostego zbocza do prędkości 10m/s w czasie 4 sekund. Jeżeli łączna  masa rowerzysty i roweru była równa 60 kg, to siła wypadkowa powodująca przyśpieszenie była równa",1,30 N,120 N,150 N,270 N,0,
261,Fizyka,Egzaminy Maturalne,"Jeżeli różne jądra atomowe wpadają w to samo pole magnetyczne z taką samą prędkością skierowaną prostopadle do linii pola magnetycznego, to po okręgu o najmniejszym promieniu będzie poruszać się jądro",3,1 1 H,3 2 He,4 2 He,12 6 C,0,
262,Fizyka,Egzaminy Maturalne,"Na skutek pochłonięcia fotonu przez atom wodoru elektron przeszedł z orbity pierwszej, odległej od jądra o w przybliżeniu 50 pm, na orbitę drugą. Odległość elektronu od jądra wzrosła do",1,100 pm,150 pm,200 pm,250 pm,2,
263,Fizyka,Egzaminy Maturalne,"Na katodę fotokomórki pada światło o ustalonej częstotliwości, wysyłane przez laser. W wyniku tego przez fotokomórkę płynie prąd. Jeżeli zwiększymy natężenie światła lasera, to",3,wzrośnie natężenie prądu płynącego przez fotokomórkę.,zmniejszy się praca wyjścia elektronów wybijanych z katody.,natężenie prądu płynącego przez fotokomórkę zmaleje do zera.,wzrośnie energia elektronów wybijanych z katody fotokomórki.,0,
264,Fizyka,Egzaminy Maturalne,Niedoborem (deficytem) masy jądra atomowego nazywamy różnicę pomiędzy,2,masą protonu a masą neutronu.,sumą mas protonów a sumą mas neutronów tworzących jądro atomowe.,sumą mas nukleonów tworzących jądro atomowe a masą jądra atomowego.,masą atomu a masą jego jądra.,2,
265,Fizyka,Egzaminy Maturalne,Kulka zawieszona na sznurku porusza się ruchem jednostajnym po okręgu w płaszczyźnie poziomej. Podczas tego ruchu,3,"ani wektor pędu kulki, ani jej energia kinetyczna się nie zmieniają.","zarówno wektor pędu kulki, jak i jej energia kinetyczna się zmieniają.","nie zmienia się wektor pędu kulki, a zmienia się jej energia kinetyczna.","nie zmienia się energia kinetyczna kulki, a zmienia się wektor jej pędu.",3,
266,Fizyka,Egzaminy Maturalne,Jednostką pracy i ciepła jest dżul. Jednostki tej nie można przedstawić w postaci,3,W·s,N·m,kg·m^2/s^2,(N·m^2)/kg^2,3,
267,Fizyka,Egzaminy Maturalne,"Na umieszczony w polu elektrostatycznym elektron działa siła o wartości Fel = 6,4·10-17 N. W tym samym polu wartości sił elektrostatycznych działających na umieszczony tam proton lub deuteron (jądro izotopu wodoru ) wynoszą odpowiednio:",3,"Fprot = 12,8·10^-17 N, Fdeut = 19,2·10^-17 N","Fprot = 12,8·10^-17 N, Fdeut = 12,8·10^-17 N","Fprot = 6,4·10^-17 N, Fdeut = 12,8·10^-17 N","Fprot = 6,4·10^-17 N, Fdeut = 6,4·10^-17 N",3,
268,Fizyka,Egzaminy Maturalne,Po przejściu monochromatycznej fali świetlnej z powietrza (np = 1) do szkła o współczynniku załamania ns,3,częstotliwość fali zmaleje ns razy.,prędkość fali się nie zmieni.,długość fali zmaleje ns razy.,okres fali zmaleje ns razy.,2,
269,Fizyka,Egzaminy Maturalne,"Syriusz B jest białym karłem, a więc gwiazdą o wysokiej temperaturze oraz",3,dużej mocy promieniowania i dużej gęstości.,małej mocy promieniowania i dużej gęstości.,dużej mocy promieniowania i małej gęstości.,małej mocy promieniowania i niewielkiej gęstości.,1,
270,Fizyka,Egzaminy Maturalne,"Pociąg porusza się ruchem jednostajnym prostoliniowym względem ziemi z prędkością o wartości 25 m/s. Wzdłuż wagonu pociągu idzie pasażer z prędkością o wartości około 1,5 m/s względem pociągu. Pasażer porusza się w tę samą stronę co pociąg. Droga, jaką pokona pasażer względem ziemi w czasie 5 s, wynosi około",1q,125 m,"117,5 m","7,5 m","132,5 m",3,
271,Fizyka,Egzaminy Maturalne,"Na metalową płytkę padł foton o energii 4,6 eV. Ten foton został całkowicie pochłonięty przez elektron znajdujący się w paśmie przewodnictwa tego metalu. W wyniku tego elektron został wybity z powierzchni metalu, a jego energia kinetyczna w chwili tuż po opuszczeniu metalu wynosiła 0,4 eV. Praca wyjścia elektronu z tego metalu wynosi około",1q,"6,7·10^-19 J",8·10^-19 J,"7,4·10^-19 J","0,64·10^-19 J",0,
272,Fizyka,Egzaminy Maturalne,"Ziemia i Wenus poruszają się dookoła Słońca po orbitach, które z bardzo dobrym przybliżeniem możemy uznać za kołowe. Dlatego do obliczeń można przyjąć, że wartości prędkości (orbitalnych) względem Słońca są dla obu planet stałe. Iloraz promienia orbity Ziemi rZ i promienia orbity Wenus rW wynosi około rZ/rW≈1,4 Z tego  wynika, że iloraz prędkości orbitalnej Wenus vW i prędkości orbitalnej Ziemi vZ jest równy około.",3,"vW/vZ≈2,0","vW/vZ≈1,2","vW/vZ≈0,85","vW/vZ≈0,51",1,
273,Fizyka,Egzaminy Maturalne,"Ustaloną masę gazu doskonałego poddano przemianie. W wyniku tej przemiany ciśnienie gazu w stanie końcowym było 2 razy mniejsze niż ciśnienie w stanie początkowym, a objętość gazu w stanie końcowym była 6 razy mniejsza niż w stanie początkowym. Temperatura gazu w stanie końcowym w porównaniu do temperatury w stanie początkowym była",1,12 razy mniejsza.,12 razy większa.,3 razy mniejsza.,3 razy większa.,0,
274,Fizyka,Egzaminy Maturalne,Pewne jądro atomowe X znajdujące się w stanie o najniższej energii przechodzi do stanu wzbudzonego X* (tzn. stanu o większej energii) na skutek pochłonięcia kwantu promieniowania elektromagnetycznego. Energia wiązania jądra X* w stanie wzbudzonym w porównaniu do energii wiązania jądra w stanie podstawowym jest,1,większa.,mniejsza.,taka sama.,większa lub mniejsza - zależnie od energii pochłoniętego fotonu.,1,
275,Fizyka,Egzaminy Maturalne,"Czas połowicznego rozpadu izotopu jodu 131 53 I, jest równy około 8 dni. Stosunek liczby jąder izotopu jodu 131 53 I, które uległy rozpadowi w ciągu 40 dni (licząc od pewnej ustalonej chwili początkowej)  do liczby jąder tego izotopu w chwili początkowej wynosi około",1,1/32,31/32,4/5,1/5,1,
276,Fizyka,Egzaminy Maturalne,"Dwaj kolarze zbliżali się do mety, jadąc jeden obok drugiego ruchem jednostajnym z prędkością 15 m/s. W odległości 100 m od mety jeden z nich przyspieszył i jadąc ruchem jednostajnie przyspieszonym po sześciu sekundach minął metę. W jakiej odległości od mety znajdował się wówczas drugi kolarz jadący do końca z niezmienną prędkością?",1,"2,5 m",5 m,10 m,15 m,2,
277,Fizyka,Egzaminy Maturalne,Cechy charakterystyczne różnych typów gwiazd przedstawia się za pomocą diagramu Hertzspunga-Russella (H - R). Na osiach współrzędnych tego diagramu odłożona jest,3,temperatura powierzchni (typ widmowy) i jasność absolutna (absolutna wielkość gwiazdowa). jasność absolutna (absolutna wielkość gwiazdowa) i odległości od Ziemi.,,średnica gwiazdy i temperatura jej powierzchni.,temperatura powierzchni i odległości od Ziemi.,0,
278,Fizyka,Egzaminy Maturalne,Planety w ruchu dookoła Słońca poruszają się po orbitach będących,2,okręgami.,hiperbolami.,elipsami.,parabolami.,2,
279,Fizyka,Egzaminy Maturalne,"Plamy słoneczne są ciemniejsze od reszty tarczy słonecznej, ponieważ są to",3,obłoki wapnia przesłaniające fotosferę.,"obszary chłodniejsze, niż obszary poza plamami.",obszary położone poniżej przeciętnej powierzchni fotosfery (lokalne depresje) i pada na nie cień.,"obszary, których widmo zawiera wyjątkowo dużo absorpcyjnych linii wodoru.",1,
280,Fizyka,Egzaminy Maturalne,"Źródło światła znajduje się w odległości 0,7 m od soczewki skupiającej o ogniskowej 0,5 m. Obraz źródła będzie",2,"rzeczywisty, pomniejszony.","rzeczywisty, powiększony.","pozorny, pomniejszony.","pozorny, powiększony.",1,
281,Fizyka,Egzaminy Maturalne,"Zjawisko zaćmienia Słońca może powstać wówczas, gdy",3,okresowo zmaleje jasność Słońca.,Księżyc przecina orbitę Ziemi.,Księżyc znajduje się między Ziemią i Słońcem.,Ziemia znajduje się między Księżycem i Słońcem.,2,
282,Fizyka,Egzaminy Maturalne,"Pasażer siedzący w przedziale pociągu poruszającego się z prędkością o wartości 10 m/s widzi przez 6 s pociąg jadący w przeciwną stronę. Jeśli długość mijanego pociągu jest równa 150 m, to wartość jego prędkości wynosi",1,v = 15 m/s,v = 20 m/s,v = 25 m/s,v = 35 m/s,0,
283,Fizyka,Egzaminy Maturalne,"Na sanki o masie 2 kg poruszające się z prędkością o wartości 6 m/s zaczęła działać stała siła hamująca, która zatrzymała te sanki w czasie 4 s. Wartość siły hamującej wynosi około",1,"1,5 N.",3 N.,4 N.,6 N.,1,
284,Fizyka,Egzaminy Maturalne,"Rozważamy zależność siły tarcia od następujących czynników: siły wzajemnego nacisku ciał, rodzaju stykających się ze sobą powierzchni, stopnia wygładzenia powierzchni oraz wielkości powierzchni styku. Jeśli zmieniamy tylko jeden z tych czterech czynników, to okazuje się, że wartość siły tarcia nie zależy od",3,siły nacisku ciał.,rodzaju stykających się powierzchni.,wielkości powierzchni styku.,stopnia wygładzenia powierzchni.,2,
285,Fizyka,Egzaminy Maturalne,"Dwoje uczniów ogląda film, w którym załoga statku kosmicznego podczas bitwy w przestrzeni międzyplanetarnej widzi wybuch innego statku i po chwili słyszy odgłos wybuchu. Uczniowie uważają, że nie jest to realne. Uczniowie",2,"mają rację, ponieważ fale dźwiękowe nie przenikają przez kadłub statku kosmicznego.","mają rację, ponieważ fale dźwiękowe nie rozchodzą się w próżni.","mają rację, ponieważ w próżni dźwięk biegnie z prędkością równą prędkości światła.","nie mają racji, ponieważ odgłos wybuchu byłby rzeczywiście słyszalny.",1,
286,Fizyka,Egzaminy Maturalne,"Trzy zamknięte naczynia mają jednakową objętość. W pierwszym znajduje się 64 g tlenu, w drugim - 84 g azotu, a w trzecim - 8 g wodoru. Temperatury tych gazów są jednakowe. Masa jednego mola tlenu wynosi 32 g, azotu - 28 g i wodoru - 2 g. Ciśnienie gazu jest",3,największe w naczyniu z tlenem.,największe w naczyniu z azotem.,największe w naczyniu z wodorem.,jednakowe we wszystkich naczyniach.,2,
287,Fizyka,Egzaminy Maturalne,Naładowana cząstka wpada w próżni w obszar jednorodnego pola prostopadle do linii tego pola. Cząstka w obszarze pola porusza się po okręgu. Opisana sytuacja może mieć miejsce w,3,polu magnetycznym.,polu grawitacyjnym.,polu elektrostatycznym.,każdym z trzech pól wyżej wymienionych.,0,
288,Fizyka,Egzaminy Maturalne,"Mała kieszonkowa latarka zawiera punktowo świecącą diodę i wklęsłe zwierciadło kuliste o promieniu krzywizny 12 mm. Latarka świeci równoległą wiązką, gdy dioda znajduje się",3,w środku krzywizny zwierciadła.,12 mm od środka krzywizny w kierunku od zwierciadła.,6 mm od środka krzywizny w kierunku zwierciadła.,6 mm od środka krzywizny w kierunku od zwierciadła.,2,
289,Fizyka,Egzaminy Maturalne,"W obserwacji wnętrza samochodu często przeszkadza nam światło odbite od szyby. Aby zminimalizować ten efekt, obserwator może użyć specjalnych filtrów, które wykorzystują zjawisko",2,załamania światła.,dyfrakcji światła.,interferencji światła.,polaryzacji światła.,3,
290,Fizyka,Egzaminy Maturalne,"Na powierzchnię szkła o współczynniku załamania 1,5 pada wiązka światła o częstotliwości 6,9·1014 Hz. Częstotliwość fali tego światła w szkle jest równa",3,"4,6·10^14 Hz.","6,9·10^14 Hz.","10,35·10^14 Hz.","13,8·10^14 Hz.",1,
291,Fizyka,Egzaminy Maturalne,"Izotop polonu 210Po ulega rozpadowi z czasem połowicznego zaniku równym 138 dni i przechodzi w stabilny izotop ołowiu 206Pb. Początkowo w próbce znajdował się wyłącznie polon, a liczba jego jąder wynosiła 1,2·1010. Po upływie 414 dni w próbce będzie",3,"0,4·10^10 jąder polonu i 0,8·10^10 jąder ołowiu.","0,8·10^10 jąder polonu i 0,4·10^10 jąder ołowiu.","1,5·10^9 jąder polonu i 1,05·10^10 jąder ołowiu.","1,05·101^0 jąder polonu i 1,5·10^9 jąder ołowiu.",2,
292,Fizyka,Egzaminy Maturalne,"skok Ludzie poszukujący spadochronowy z asekuracją instruktora, do którego skaczący „pasażer” jest w czasie lotu przypięty od spodu. Zaraz po opuszczeniu samolotu, przed otwarciem siła wzajemnego oddziaływania skoczków (przekazywana przez pasy ich spinające) jest spadochronu,",3,równa ciężarowi pasażera.,nieco większa od ciężaru pasażera.,nieco mniejsza od ciężaru pasażera.,bliska zeru.,3,
293,Fizyka,Egzaminy Maturalne,Przed soczewką skupiającą o ogniskowej 20 cm umieszczono świecący przedmiot w odległości 10 cm od soczewki. Otrzymano wówczas obraz,2,"pozorny, prosty i powiększony.","pozorny, prosty i pomniejszony.","rzeczywisty, prosty i powiększony.","rzeczywisty, odwrócony i powiększony.",0,
294,Fizyka,Egzaminy Maturalne,Izotopami nazywamy,2,"wszystkie atomy, w których liczba elektronów jest mniejsza od liczby protonów.",wszystkie naturalne pierwiastki promieniotwórcze.,"jądra o tych samych liczbach neutronów, ale różnych liczbach atomowych.","jądra o tych samych liczbach atomowych, ale o różnych liczbach neutronów.",3,
295,Fizyka,Egzaminy Maturalne,"Ciało wykonuje prosty ruch harmoniczny. W momencie, w którym prędkość ciała jest maksymalna, jego",3,"energia potencjalna jest maksymalna, a przyspieszenie równe zero.","energia potencjalna jest minimalna, a przyspieszenie równe zero.","energia potencjalna jest minimalna, a przyspieszenie jest maksymalne.",energia potencjalna i przyspieszenie przyjmują wartości maksymalne.,1,
296,Fizyka,Egzaminy Maturalne,"Wiązkę światła tworzą trzy promienie: czerwony, zielony i niebieski. Po przejściu przez siatkę dyfrakcyjną najbardziej ugięty będzie promień",3,"niebieski, a najmniej zielony.","czerwony, a najmniej niebieski.","zielony, a najmniej czerwony.","niebieski, a najmniej czerwony.",1,
297,Fizyka,Egzaminy Maturalne,"Księżyc stale zwraca ku Ziemi tę samą stronę, druga strona może być obserwowana tylko przez okrążające Księżyc sondy kosmiczne. Odwrotna strona Księżyca",3,jest stale oświetlona promieniami słonecznymi.,nigdy nie jest oświetlona promieniami słonecznymi.,"jest częściowo oświetlona promieniami słonecznymi, a wielkość części oświetlonej zależy od fazy Księżyca.","jest częściowo oświetlona promieniami słonecznymi, a wielkość części oświetlonej zależy od pory roku.",2,
298,Fizyka,Egzaminy Maturalne,"Ciało na powierzchni Księżyca ma energię potencjalną grawitacji równą zero, a na wysokości 12 m ma energię potencjalną grawitacji równą 600 J. Podczas spadku swobodnego z wysokości 12 m, na wysokości 4 m energia kinetyczna tego ciała ma wartość",1,równą 600 J.,równą 400 J.,równą 200 J.,równą 100 J.,1,
299,Fizyka,Egzaminy Maturalne,Diagram H-R (Hertzsprunga-Russella) pozwala,3,klasyfikować gwiazdy.,klasyfikować galaktyki.,określać lub szacować wiek Wszechświata.,określać lub szacować rozmiary Wszechświata. Więcej arkuszy znajdziesz na stronie: arkusze.pl 4 Egzamin maturalny z fizyki i astronomii poziom podstawowy Zadania otwarte Rozwiązania zadań o numerach od 11. do 21. należy zapisać w wyznaczonych miejscach pod treścią zadania.,0,
300,Fizyka,Egzaminy Maturalne,Pasaty to wiatry wiejące z północy i południa w stronę równika. Powstają w wyniku unoszenia w okolicach równika powietrza nagrzanego przez ocean. Występowanie pasatów tłumaczymy,2,zjawiskiem konwekcji.,efektem cieplarnianym.,dziurą ozonową nad biegunami Ziemi.,dużą aktywnością wulkaniczną w pasie równikowym.,0,
301,Fizyka,Egzaminy Maturalne,W nieodwracalnych procesach termodynamicznych zachodzących w układzie izolowanym entropia,3,maleje.,wzrasta.,nie zmienia się.,wzrasta lub maleje. Więcej arkuszy znajdziesz na stronie: arkusze.pl Próbny egzamin maturalny z fizyki i astronomii Poziom podstawowy 3,1,
302,Fizyka,Egzaminy Maturalne,Przez zwojnicę płynie prąd elektryczny o stałym natężeniu. Po włożeniu do zwojnicy żelaznego rdzenia wartość indukcji magnetycznej wewnątrz zwojnicy,3,znacznie zmaleje.,znacznie wzrośnie.,nieznacznie zmaleje.,nieznacznie wzrośnie.,1,
303,Fizyka,Egzaminy Maturalne,"Fale elektromagnetyczne o największej długości, promieniowania to spośród wymienionych fale",3,podczerwonego.,widzialnego.,ultrafioletowego.,mikrofalowego.,3,
304,Fizyka,Egzaminy Maturalne,W schemacie reakcji jądrowej 55 25 Mn + 2 1 H -> 56 25 Mn + X . Przez X oznaczono,2,proton.,neutron.,elektron.,pozyton.,0,
305,Fizyka,Egzaminy Maturalne,"Z wysokości h rzucono dwie piłki z prędkościami o tej samej wartości vo - jedną pionowo do góry, a drugą pionowo w dół. Jeśli nie uwzględnimy oporu powietrza, to o wartościach prędkości v1 i v2 piłek w chwili upadku na ziemię możemy powiedzieć, że",3,v1 < v2,v1 > v2,v1 = v2,prędkości zależą od mas piłek.,2,
306,Fizyka,Egzaminy Maturalne,"Długość wskazówki minutowej zegara na wieży kościelnej wynosi 1,2 m, a godzinowej 1 m. Stosunek wartości prędkości liniowej końca wskazówki godzinowej do minutowej wynosi",1q,1 : 12,"1 : 14,4","1,2 : 1","6,28 : 1,2",1,
307,Fizyka,Egzaminy Maturalne,"Skrzynię o masie m przesuwamy ruchem jednostajnym na odległość s, raz pchając ją z siłą skierowaną poziomo, a drugi raz ciągnąc z siłą o tej samej wartości skierowaną pod kątem 60 stopni do poziomu. O pracach W1 i W2 wykonanych w obu przypadkach możemy powiedzieć, że",2,W1 = W2,W1 = 2W2,W1 = 1/2 W2,W2 = 2W1,3,
308,Fizyka,Egzaminy Maturalne,"Jeśli ciało rzucone pionowo do góry z prędkością o wartości vo wzniosło się na pewną wysokość h blisko powierzchni Ziemi, to na planecie o przyspieszeniu grawitacyjnym 2 razy większym niż na Ziemi wzniosłoby się na wysokość hp. Pomiędzy tymi wysokościami zachodzi zależność",1,hp = 2h,hp = h,hp = h/2,hp = h/4,2,
309,Fizyka,Egzaminy Maturalne,"Jaka jest długość fali emitowanej przez atom wodoru przy przejściu ze stanu energetycznego o n = 3 do stanu podstawowego? Przyjmij, że stała Rydberga wynosi 107 m(cid:150)1.",3,9/8 ⋅ 10^-7,8/9 ⋅ 10^-7,8/9 ⋅ 10^7,"2,25 • 10^-7",0,
310,Fizyka,Egzaminy Maturalne,"W windzie znajduje się waga łazienkowa (naciskowa), na której stoi człowiek. Zanotowano wskazania wagi podczas ruchu windy. W tabeli wybierz kolumnę, w której dane są zgodne z prawami mechaniki.",3,"(Winda rusza w górę, jedzie w górę v = const, zatrzymuje się jadąc do góry)  Wskazanie wagi kg: 75 78 75","(Winda rusza w górę, jedzie w górę v = const, zatrzymuje się jadąc do góry)  Wskazanie wagi kg: 81 78 81","(Winda rusza w górę, jedzie w górę v = const, zatrzymuje się jadąc do góry)  Wskazanie wagi kg: 81 78 75","(Winda rusza w górę, jedzie w górę v = const, zatrzymuje się jadąc do góry)  Wskazanie wagi kg: 75 78 81",2,
311,Fizyka,Egzaminy Maturalne,"Kamień rzucono pionowo w górę z prędkością 5 m/s. Jeśli pominiemy opór powietrza, a wartość przyspieszenia ziemskiego przyjmiemy równą 10 m/s2, to prawdą jest, że",3,kamień wznosi się o 5 m w ciągu każdej sekundy.,kamień osiągnie maksymalną wysokość 5 m.,prędkość kamienia zmaleje o 5 m/s w ciągu pierwszej sekundy.,"czas lotu kamienia w górę będzie równy 0,5 s.",3,
312,Fizyka,Egzaminy Maturalne,"Księżyc, naturalny satelita Ziemi, obiega Ziemię po orbicie o promieniu 9 razy większym od promienia orbity sztucznego satelity Ziemi. Zakładając kołowy kształt torów obu satelitów, można stwierdzić, że prędkość orbitalna Księżyca jest, w porównaniu do prędkości orbitalnej sztucznego satelity,",1,3 razy mniejsza.,3 razy większa.,9 razy mniejsza.,9 razy większa.,0,
313,Fizyka,Egzaminy Maturalne,Które z wymienionych poniżej urządzeń nie służy do przyspieszania cząstek naładowanych?,3,synchrotron,cyklotron,akcelerator liniowy,akumulator Zadania otwarte Rozwiązania zadań o numerach od 11. do 20. należy zapisać w wyznaczonych miejscach pod treścią zadania.,3,
314,Fizyka,Egzaminy Maturalne,"2 Podkreśl poprawne zakończenie poniższego zdania. Gdy zmienimy kąt padania promienia i powtórzymy obserwację promienia odbitego przez polaryzator, to podczas obrotu polaryzatora",3,nie zaobserwujemy żadnych zmian jasności obrazu.,"zaobserwujemy rozjaśnianie i przygaszanie obrazu, ale bez całkowitego wygaszenia.","zaobserwujemy rozjaśnianie i całkowite wygaszanie obrazu, ale tylko wtedy, gdy polaryzator będziemy obracać wokół przechylonej osi.","zaobserwujemy rozjaśnianie i całkowite wygaszanie obrazu, ale między kolejnymi wygaszeniami należy obrócić polaryzator o większy kąt. Więcej arkuszy znajdziesz na stronie: arkusze.pl Egzamin maturalny z fizyki i astronomii poziom podstawowy 9",1,
315,Fizyka,Egzaminy Maturalne,"Pierwsze cztery planety Układu Słonecznego według rosnącej odległości od Słońca to: Merkury, Wenus, Ziemia, Mars. Te same planety uszeregowane według wzrastającej masy to: Merkury, Mars, Wenus, Ziemia. Jeżeli przyjmiemy, że planety poruszają się po orbitach kołowych, to poprawną relacją między prędkościami liniowymi tych planet jest",3,vMer < vWen < vZiem < vMars,vMer > vWen > vZiem > vMars,vMer < vMars < vWen < vZiem,vMer > vMars > vWen > vZiem,1,
316,Fizyka,Egzaminy Maturalne,"Samochód porusza się po rondzie z prędkością o wartości 20 km/h. Jeżeli wartość jego prędkości wzrośnie o 20 km/h i samochód nie zmieni pasa ruchu, to wartość przyspieszenia dośrodkowego samochodu",1,zmaleje dwukrotnie.,zmaleje czterokrotnie.,wzrośnie dwukrotnie.,wzrośnie czterokrotnie.,3,
317,Fizyka,Egzaminy Maturalne,"Jeżeli długość wahadła matematycznego wzrośnie cztery razy, to częstotliwość drgań harmonicznych tego wahadła",1,zmaleje dwukrotnie.,zmaleje czterokrotnie.,wzrośnie dwukrotnie.,wzrośnie czterokrotnie.,0,
318,Fizyka,Egzaminy Maturalne,"Jedną z zalet umieszczenia teleskopu optycznego na orbicie okołoziemskiej w porównaniu z obserwacjami z powierzchni Ziemi jest to, że",3,"do teleskopu na orbicie nie docierają fale radiowe wytwarzane przez ludzi, które na Ziemi zakłócają odbiór sygnałów.",promieniowanie kosmiczne może być wykorzystane do zasilania urządzeń teleskopu.,"w atmosferze Ziemi występują drgania powietrza, które zakłócają bieg promieni świetlnych.","w ten sposób zbliżamy teleskop do planet i gwiazd, co powiększa otrzymywane obrazy.",2,
319,Fizyka,Egzaminy Maturalne,"Gdy osoba stale nosząca okulary je zdejmuje, często mruży oczy. Może to być skuteczną metodą poprawienia ostrości widzenia, gdyż mrużenie oczu",3,"powoduje polaryzację światła, co poprawia ostrość widzenia.","powoduje dyfrakcję światła, co poprawia ostrość widzenia.","ogranicza obszar soczewki ocznej, przez który przechodzi światło, co zmniejsza rozmycie obrazu powstającego na siatkówce.","powoduje zwiększenie współczynnika załamania gałki ocznej, co zmniejsza rozmycie obrazu powstającego na siatkówce.",2,
320,Fizyka,Egzaminy Maturalne,Według modelu Bohra elektrony krążą wokół jądra pod wpływem sił,1,elektrycznych.,magnetycznych.,grawitacyjnych.,jądrowych.,0,
321,Fizyka,Egzaminy Maturalne,Deterministycznego (przyczynowego) opisu przyrody nie potwierdza,3,całkowite wewnętrzne odbicie światła.,rozpad α jąder atomowych.,ruch planet wokół Słońca.,topnienie lodu.,1,
322,Fizyka,Egzaminy Maturalne,Człowiek o masie 50 kg stojący na wadze łazienkowej naciska na nią siłą o wartości:,2,"50 N i siła ta jest przyłożona do wagi,","50 N i siła ta jest przyłożona do człowieka,","500 N i siła ta jest przyłożona do wagi,",500 N i siła ta jest przyłożona do człowieka.,2,
323,Fizyka,Egzaminy Maturalne,Tlen zamknięty w butli stalowej ma temperaturę 15 dwukrotnie należy go podgrzać do temperatury:,3,576 stopni C,303 stopni C,288 stopni C,30 stopni C,1,
324,Fizyka,Egzaminy Maturalne,Proton i elektron znajdują się w odległości r od siebie. Aby energia potencjalna oddziaływania tych cząstek wzrosła dwukrotnie należy je:,3,zbliżyć na odległość r/2,zbliżyć na odległość r/4,"oddalić na odległość 4r,",oddalić na odległość 2r.,3,
325,Fizyka,Egzaminy Maturalne,Pierwiastek promieniotwórczy uległ jednemu rozpadowi α i dwóm rozpadom β-. Jądro pierwiastka otrzymanego po tych rozpadach zawiera:,3,taką samą liczbę protonów jak jądro pierwiastka przed rozpadem,taką samą liczbę neutronów jak jądro pierwiastka przed rozpadem,taką samą liczbę nukleonów jak jądro pierwiastka przed rozpadem,o dwa neutrony mniej niż jądro pierwiastka przed rozpadem.,0,
326,Fizyka,Egzaminy Maturalne,"Foton o długości fali λ ma w próżni energię E. Energia innego fotonu o tej samej długości fali w środowisku o współczynniku załamania n będzie mieć wartość: ,",1,E/n,"E,","nE,",n^2 E.,0,
327,Fizyka,Egzaminy Maturalne,Dwa satelity krążą wokół Ziemi po orbitach kołowych. Masa drugiego satelity i promień jego orbity są dwukrotnie większe niż pierwszego satelity. Prędkości liniowe tych satelitów spełniają zależność:,2,v1 = v2/√2,"v1 = v2,","v1 = √2 v2,",v1 = 2v2.,2,
328,Fizyka,Egzaminy Maturalne,"Do dwóch filiżanek w kształcie walca nalano takie same ilości herbaty. Promienie podstawy tych filiżanek wynoszą odpowiednio r1 = r i r2 = 2r. Ciśnienia hydrostatyczne, które wywiera herbata na dna tych filiżanek spełniają zależność:",2,"p2 = 4p1,",p2 = 2p1,p2 = p1/2,p2 = p1/4,3,
329,Fizyka,Egzaminy Maturalne,"Przewodnik ma opór 16 Ω. Przewodnik o tej samej długości, zrobiony z tego samego materiału, ale o czterokrotnie większej masie będzie miał opór o wartości:",1,"1 Ω,","4 Ω,","64 Ω,",256 Ω.,1,
330,Fizyka,Egzaminy Maturalne,"Na powierzchnię dwóch ośrodków pada fala pod kątem α. W każdym ośrodku fala rozchodzi się z inną prędkością. Gdy kąt padania fali zwiększymy dwukrotnie, to kąt załamania:",2,"wzrośnie dwukrotnie,","zmaleje dwukrotnie,","wzrośnie lub zmaleje dwukrotnie w zależności od rodzaju ośrodków, w których fala biegnie,",żadna odpowiedź nie jest poprawna.,3,
331,Fizyka,Egzaminy Maturalne,Gwiazda o masie 3 · 10^30 kg wytwarza pole grawitacyjne. W pewnym punkcie tego pola na ciało o masie 3 kg działa siła o wartości 150 N. Natężenie pola grawitacyjnego wytworzonego przez gwiazdę ma w tym punkcie pola wartość:,1,"50 N/kg,","450 N/kg,","5 · 10^-29 N/kg,","4,5 · 10^32 N/kg.",0,
332,Matematyka,Egzaminy Maturalne,Liczba log9(27)+log9(3) jest równa,1qq,81,9,4,2,3,
333,Matematyka,Egzaminy Maturalne,Liczba √(3)(−27/16)⋅√(3)2 jest równa,1qq,(−3/2),3/2,2/3,(−2/3),0,
334,Matematyka,Egzaminy Maturalne,"Cenę aparatu fotograficznego obniżono o 15%, a następnie - o 20% w odniesieniu do ceny obowiązującej w danym momencie. Po tych dwóch obniżkach aparat kosztuje 340 zł. Przed obiema obniżkami cena tego aparatu była równa",1,500zł,425zł,400zł,375zł,0,
335,Matematyka,Egzaminy Maturalne,Dla każdej liczby rzeczywistej a wyrażenie (2a−3)^2−(2a+3)^2 jest równe,1qq,−24a,0,18,16a^2−24a,0,
336,Matematyka,Egzaminy Maturalne,Zbiorem wszystkich rozwiązań nierówności −2(x+3)≤(2−x)/3 jest przedział,1qq,"(−∞,−4⟩","(−∞,4⟩","⟨−4,∞)","⟨4,∞)",2,
337,Matematyka,Egzaminy Maturalne,Jednym z rozwiązań równania √3(x^2−2)(x+3)=0 jest liczba,1qq,3,2,√3,√2,3,
338,Matematyka,Egzaminy Maturalne,Równanie (x+1)(x−1)^2/(x−1)(x+1)^2=0 w zbiorze liczb rzeczywistych,1qq,nie ma rozwiązania.,ma dokładnie jedno rozwiązanie: −1.,ma dokładnie jedno rozwiązanie: 1.,ma dokładnie dwa rozwiązania: −1 oraz 1.,0,
339,Matematyka,Egzaminy Maturalne,Miejscem zerowym funkcji liniowej f(x)=(2p−1)x+p jest liczba (−4). Wtedy,1qq,p=4/9,p=4/7,p=−4,p=−4/7,1,
340,Matematyka,Egzaminy Maturalne,"Jednym z miejsc zerowych funkcji kwadratowej f jest liczba (−5). Pierwsza współrzędna wierzchołka paraboli, będącej wykresem funkcji f, jest równa 3. Drugim miejscem zerowym funkcji f jest liczba",1,11,1,-1,-13,0,
341,Matematyka,Egzaminy Maturalne,Ciąg (an) jest określony wzorem an=2n^⋅(n+1) dla każdej liczby naturalnej n≥1. Wyraz a4 jest równy,1qq,64,40,48,80,3,
342,Matematyka,Egzaminy Maturalne,"Trzywyrazowy ciąg (27,9,a−1) jest geometryczny. Liczba a jest równa",1qq,3,0,4,2,2,
343,Matematyka,Egzaminy Maturalne,Dla każdego kąta ostrego 𝛼 wyrażenie sin^4𝛼+sin^2𝛼 ⋅cos^2𝛼 jest równe,1,sin^2𝛼,sin^6𝛼⋅cos^2𝛼,sin^4𝛼+1,sin^2𝛼⋅(sin𝛼+cos𝛼)⋅(sin𝛼−cos𝛼),0,
344,Matematyka,Egzaminy Maturalne,W rombie o boku długości 6√2 kąt rozwarty ma miarę 150°. Iloczyn długości przekątnych tego rombu jest równy,1,24,72,36,36√2,1,
345,Matematyka,Egzaminy Maturalne,"Dana jest prosta k o równaniu y=−(1/3)x+2. Prosta o równaniu y=ax+b jest równoległa do prostej k i przechodzi przez punkt P=(3,5), gdy",1qq,a=3 i b=4.,a=−1/3 i b=4.,a=3 i b=−4.,a=−1/3 i b=6.,3,
346,Matematyka,Egzaminy Maturalne,"Dane są punkty K=(−3,−7) oraz S=(5,3). Punkt S jest środkiem odcinka KL. Wtedy punkt L ma współrzędne",1qq,"-13,1","-13,13","(1,−2)","(7,−1)",1,
347,Matematyka,Egzaminy Maturalne,Dana jest prosta o równaniu y=2x−3. Obrazem tej prostej w symetrii środkowej względem początku układu współrzędnych jest prosta o równaniu,1,y=2x+3,y=−2x−3,y=−2x+3,y=2x−3,0,
348,Matematyka,Egzaminy Maturalne,"Dany jest graniastosłup prawidłowy czworokątny, w którym krawędź podstawy ma długość 15. Przekątna graniastosłupa jest nachylona do płaszczyzny podstawy pod kątem 𝛼 takim, że cos𝛼=√2/3 . Długość przekątnej tego graniastosłupa jest równa",1,15√2,45,5√2,10,1,
349,Matematyka,Egzaminy Maturalne,"Średnia arytmetyczna liczb x, y, z jest równa 4. Średnia arytmetyczna czterech liczb: 1+x, 2+y, 3+z, 14, jest równa",1,6,9,8,13,2,
350,Matematyka,Egzaminy Maturalne,"Wszystkich liczb naturalnych pięciocyfrowych, w których zapisie dziesiętnym występują tylko cyfry 0, 5, 7 (np. 57 075, 55 555), jest",1,5^3,2⋅4^3,2⋅3^4,3^5,2,
351,Matematyka,Egzaminy Maturalne,W pewnym ostrosłupie prawidłowym stosunek liczby 𝑊 wszystkich wierzchołków do liczby K wszystkich krawędzi jest równy 𝑊/K=3/5. Podstawą tego ostrosłupa jest,1,kwadrat.,pięciokąt foremny.,sześciokąt foremny.,siedmiokąt foremny.,1,
352,Matematyka,Egzaminy Maturalne,Wartość wyrażenia x^2-6x+9 dla x=√3+3 jest równa,1,1,3,1+2√3,1-2√3,1,
353,Matematyka,Egzaminy Maturalne,Liczba (2^50 * 3^40)/36^10 jest równa,1qq,6^70,6^45,2^30*3^20,2^10*3^20,2,
354,Matematyka,Egzaminy Maturalne,Liczba log5(√125) jest równa,1qq,2/3,2,3,3/2,3,
355,Matematyka,Egzaminy Maturalne,"Cenę x pewnego towaru obniżono o 20% i otrzymano cenę y. Aby przywrócić cenę x, nową cenę y należy podnieść o",1,25%,20%,15%,12%,0,
356,Matematyka,Egzaminy Maturalne,Zbiorem wszystkich rozwiązań nierówności 3(1-x)>2(3x-1)-12x jest przedział,,"(-5/3,+∞)","(-∞,5/3)","(5/3,+∞)","(-∞, -5/3)",0,
357,Matematyka,Egzaminy Maturalne,Suma wszystkich rozwiązań równania x(x-3)(x+2)=0 jest równa,1qq,0,1,2,3,1,
358,Matematyka,Egzaminy Maturalne,Równanie x(x-2)=(x-2)^2 w zbiorze liczb rzeczywistych,1qq,nie ma rozwiązań.,ma dokładnie jedno rozwiązanie: x=2.,ma dokładnie jedno rozwiązanie: x=0.,ma dwa różne rozwiązania: x=1 i x=2.,1,
359,Matematyka,Egzaminy Maturalne,Funkcja f jest określona wzorem f(x)=4^-x + 1 dla każdej liczby rzeczywistej x. Liczba f(1/2) jest równa,1qq,1/2,3/2,3,17,1,
360,Matematyka,Egzaminy Maturalne,Proste o równaniach y=(m-2)x oraz y=3/4x + 7 są równoległe. Wtedy,1qq,m=−5/4,m=2/3,m=11/4,m=10/3,2,
361,Matematyka,Egzaminy Maturalne,Ciąg (an) jest określony wzorem an=2n^2 dla n≥1. Różnica a5-a4 jest równa,2qq,4,20,36,18,3,
362,Matematyka,Egzaminy Maturalne,"W ciągu arytmetycznym (an), określonym dla n≥1, czwarty wyraz jest równy 3, a różnica tego ciągu jest równa 5. Suma a1+a2+a3+a4 jest równa",1,-42,-36,-18,6,2,
363,Matematyka,Egzaminy Maturalne,"Punkt A=(1/3,-1) należy do wykresu funkcji liniowej f określonej wzorem f(x)=3x+b. Wynika stąd, że",1qq,b=2,b=1,b=−1,b=−2,3,
364,Matematyka,Egzaminy Maturalne,"Prosta przechodząca przez punkty A=(3,-2) i B=(-1,6) jest określona równaniem",1qq,y=-2x+4,y=-2x-8,y=2x+8,y=2x-4,0,
365,Matematyka,Egzaminy Maturalne,"Punkt B jest obrazem punktu A=(-3,5) w symetrii względem początku układu współrzędnych. Długość odcinka AB jest równa",1qq,2√34,8,√34,12,0,
366,Matematyka,Egzaminy Maturalne,"Ile jest wszystkich dwucyfrowych liczb naturalnych utworzonych z cyfr: 1, 3, 5, 7, 9, w których cyfry się nie powtarzają?",1,10,15,20,25,2,
367,Matematyka,Egzaminy Maturalne,"Cztery liczby: 2, 3, a, 8, tworzące zestaw danych, są uporządkowane rosnąco. Mediana tego zestawu czterech danych jest równa medianie zestawu pięciu danych: 5, 3, 6, 8, 2. Zatem",1,a=7,a=6,a=5,a=4,0,
368,Matematyka,Egzaminy Maturalne,Przekątna sześcianu ma długość 4√3. Pole powierzchni tego sześcianu jest równe,1,96,24√3,192,16√3,0,
369,Matematyka,Egzaminy Maturalne,"Liczba 100^5⋅(0,1)^-6 jest równa",1qq,10^13,10^16,10^-1,10^-30,1,
370,Matematyka,Egzaminy Maturalne,Liczba 78 stanowi 150% liczby c. Wtedy liczba c jest równa,1,60,52,48,39,1,
371,Matematyka,Egzaminy Maturalne,"Rozważamy przedziały liczbowe (−∞, 5) i ⟨−1, +∞) . Ile jest wszystkich liczb całkowitych, które należą jednocześnie do obu rozważanych przedziałów?",1qq,6,5,4,7,0,
372,Matematyka,Egzaminy Maturalne,Suma 2log√10+log10^3 jest równa,1,2,3,4,5,2,
373,Matematyka,Egzaminy Maturalne,"Różnica 0,(3)−23/33 jest równa",1qq,"−0,(39)",−39/100,"-0,36",−4/11,3,
374,Matematyka,Egzaminy Maturalne,Zbiorem wszystkich rozwiązań nierówności (2-x)/2 -2x≥1 jest przedział,1qq,"⟨0, +∞)","(−∞, 0 ⟩","(−∞, 5 ⟩","(−∞,1/3>",1,
375,Matematyka,Egzaminy Maturalne,"Proste o równaniach y=3x−5 oraz y=(m−3/2)x+9/2 są równoległe, gdy",2qq,m=1,m=3,m=6,m=9,3,
376,Matematyka,Egzaminy Maturalne,Funkcja f jest określona wzorem f(x)=x^2/2x−2 dla każdej liczby rzeczywistej x=/=1. Wtedy dla argumentu x= √3−1 wartość funkcji f jest równa,1qq,1/√3−1,-1,1,1/√3−2,1,
377,Matematyka,Egzaminy Maturalne,Do wykresu funkcji f określonej dla każdej liczby rzeczywistej x wzorem f(x)=3^x−2 należy punkt o współrzędnych,3qq,"(−1, −5)","(0, −2)","(0, −1)","(2, 4)",2,
378,Matematyka,Egzaminy Maturalne,Funkcja kwadratowa f określona wzorem f(x) = −2(x + 1)(x − 3) jest malejąca w przedziale,3qq,"⟨1, +∞)","(−∞, 1 ⟩","(−∞, −8 ⟩","⟨−8, +∞)",0,
379,Matematyka,Egzaminy Maturalne,"Trzywyrazowy ciąg (15, 3x,5/3) jest geometryczny i wszystkie jego wyrazy są dodatnie. Stąd wynika, że",2qq,x=3/5,x=4/5,x=1,x=5/3,3,
380,Matematyka,Egzaminy Maturalne,Ciąg (bn) jest określony wzorem bn=3n^2-25n dla każdej liczby naturalnej n≥1 . Liczba niedodatnich wyrazów ciągu (bn) jest równa,1,14,13,9,8,3,
381,Matematyka,Egzaminy Maturalne,Ciąg arytmetyczny (an) jest określony dla każdej liczby naturalnej n≥1 . Trzeci i piąty wyraz ciągu spełniają warunek a3+a5= 58. Wtedy czwarty wyraz tego ciągu jest równy,1,28,29,33,40,1,
382,Matematyka,Egzaminy Maturalne,Dla każdego kąta ostrego 𝛼 iloczyn cosα/1-sin^2α ⋅ 1-cos^2α/sinα jest równy,1,sin 𝛼,tg 𝛼,cos 𝛼,sin^2𝛼,1,
383,Matematyka,Egzaminy Maturalne,Pole pewnego trójkąta równobocznego jest równe 4√3/9. Obwód tego trójkąta jest równy,1,4,2,4/3,2/3,0,
384,Matematyka,Egzaminy Maturalne,"W każdym n-kącie wypukłym ( n≥3 ) liczba przekątnych jest równa n(n−3)/2 . Wielokątem wypukłym, w którym liczba przekątnych jest o 25 większa od liczby boków, jest",1qq,siedmiokąt.,dziesięciokąt.,dwunastokąt.,piętnastokąt.,1,
385,Matematyka,Egzaminy Maturalne,"Punkt A=( 3 , − 5 ) jest wierzchołkiem kwadratu ABCD , a punkt 𝑀 = (1, 3) jest punktem przecięcia się przekątnych tego kwadratu. Wynika stąd, że pole kwadratu ABCD jest równe",1qq,68,136,2√34,8√34,1,
386,Matematyka,Egzaminy Maturalne,"Z wierzchołków sześcianu ABCDEFGH losujemy jednocześnie dwa różne wierzchołki. Prawdopodobieństwo tego, że wierzchołki te będą końcami przekątnej sześcianu ABCDEFGH, jest równe",1,1/7,4/7,1/14,3/7,1,
387,Matematyka,Egzaminy Maturalne,"Wszystkich liczb naturalnych trzycyfrowych, większych od 700, w których każda cyfra należy do zbioru { 1 ,2 ,3 ,7 ,8 ,9 } i żadna cyfra się nie powtarza, jest",1,108,60,40,299,1,
388,Matematyka,Egzaminy Maturalne,"Sześciowyrazowy ciąg liczbowy ( 1, 2, 2x, x+2 , 5, 6) jest niemalejący. Mediana wyrazów tego ciągu jest równa 4. Wynika stąd, że",1,x=1,x=3/2,x=2,x=8/3,2,
389,Matematyka,Egzaminy Maturalne,"Dla każdej dodatniej liczby a iloraz a^-2,6/a^1,3 jest równy",1q,"a^−3,9",a^−2,"a^−1,3","a^1,3",0,
390,Matematyka,Egzaminy Maturalne,Liczba log√2(2√2) jest równa,1qq,3/2,2,5/2,3,3,
391,Matematyka,Egzaminy Maturalne,"Liczby a i c są dodatnie. Liczba b stanowi 48% liczby a oraz 32% liczby c. Wynika stąd, że",2,"c=1,5a","c=1,6a","c=0,8a","c=0,16a",0,
392,Matematyka,Egzaminy Maturalne,Równość (2√2-a)^2=17-12√2 jest prawdziwa dla,1qq,a=3,a=1,a=−2,a=−3,0,
393,Matematyka,Egzaminy Maturalne,"Jedną z liczb, które spełniają nierówność -x^5+x^3-x < -2, jest",3,1,-1,2,-2,2,
394,Matematyka,Egzaminy Maturalne,"Proste o równaniach 2x-3y=4 i 5x-6y=7 przecinają się w punkcie P. Stąd wynika, że",1,"P=(1,2)","P=(-1,2)","(P=(-1,-2)","P=(1,-2)",2,
395,Matematyka,Egzaminy Maturalne,Dana jest funkcja liniowa f(x)=3/4x+6 . Miejscem zerowym tej funkcji jest liczba,1,8,6,-6,-8,3,
396,Matematyka,Egzaminy Maturalne,Funkcja f określona jest wzorem f(x)=2x^3/x^6+1 dla każdej liczby rzeczywistej x. Wtedy f(-√(3)3) jest równa,1qq,-√(3)9/2,-3/5,3/5,√(3)3/2,1,
397,Matematyka,Egzaminy Maturalne,"Czternasty wyraz ciągu arytmetycznego jest równy 8, a różnica tego ciągu jest równa (-3/2). Siódmy wyraz tego ciągu jest równy",1,37/2,-37/2,-5/2,5/2,0,
398,Matematyka,Egzaminy Maturalne,"Ciąg (x,2x+3,4x+3) jest geometryczny. Pierwszy wyraz tego ciągu jest równy",1,-4,1,0,-1,3,
399,Matematyka,Egzaminy Maturalne,Kąt α jest ostry i tgα=2/3. Wtedy,2,sinα=3√13/26,sinα=√13/13,sinα=2√13/13,sinα=3√13/13,2,
400,Matematyka,Egzaminy Maturalne,"Z odcinków o długościach: 5, 2a+1, a−1 można zbudować trójkąt równoramienny. Wynika stąd, że",1,a=6,a=4,a=3,a=2,3,
401,Matematyka,Egzaminy Maturalne,"Proste opisane równaniami y=(2/m-1)x+m-2 oraz y=mx+(1/m+1) są prostopadłe, gdy",2qq,m=2,m=1/2,m=1/3,m=−2,2,
402,Matematyka,Egzaminy Maturalne,"W układzie współrzędnych dane są punkty A=(a,6) oraz B=(7,b). Środkiem odcinka AB jest punkt M=(3,4). Wynika stąd, że",2qq,a=5 i b=5,a=−1 i b=2,a=4 i b=10,a=−4 i b=−2,1,
403,Matematyka,Egzaminy Maturalne,Rzucamy trzy razy symetryczną monetą. Niech p oznacza prawdopodobieństwo otrzymania dokładnie dwóch orłów w tych trzech rzutach. Wtedy,3,"0≤p<0,2","0,2≤p≤0,35","0,35<p≤0,5","0,5<p≤1",2,
404,Matematyka,Egzaminy Maturalne,"Kąt rozwarcia stożka ma miarę 120°, a tworząca tego stożka ma długość 4. Objętość tego stożka jest równa",1,36π,18π,24π,8π,3,
405,Matematyka,Egzaminy Maturalne,"Średnia arytmetyczna sześciu liczb naturalnych: 31, 16, 25, 29, 27, x, jest równa x/2. Mediana tych liczb jest równa",1,26,27,28,29,2,
406,Matematyka,Egzaminy Maturalne,Liczba (2√8−3√2)^2 jest równa,1qq,2,1,26,14,0,
407,Matematyka,Egzaminy Maturalne,"Dodatnie liczby x i y spełniają warunek 2x=3y. Wynika stąd, że wartość wyrażenia x^2+y^2/x⋅y jest równa",1,2/3,13/6,6/13,3/2,1,
408,Matematyka,Egzaminy Maturalne,Liczba 4log4(2)+2log4(8) jest równa,1qq,6log4(10),16,5,6log4(16),2,
409,Matematyka,Egzaminy Maturalne,"Cena działki po kolejnych dwóch obniżkach, za każdym razem o 10% w odniesieniu do ceny obowiązującej w danym momencie , jest równa 78 732 zł. Cena tej działki przed obiema obniżkami była, w zaokrągleniu do 1 zł, równa",,98 732zł,97 200zł,95 266zł,94 478zł,1,
410,Matematyka,Egzaminy Maturalne,Liczba 3^(2+1/4) jest równa,2qq,3^2⋅√(3)4,√(4)3^3,3^2+√(4)3,3^2+√3^4,0,
411,Matematyka,Egzaminy Maturalne,"Rozwiązaniem układu równań {11x−11y=1 22x+22y=−1 jest para liczb : x=x0 , y=y0 . Wtedy",3,x0>0 i y0>0,x0>0 i y0<0,x0<0 i y0>0,x0<0 i y0<0,1,
412,Matematyka,Egzaminy Maturalne,Zbiorem wszystkich rozwiązań nierówności 2/5−x/3>x/5 jest przedział,3,"(−∞,0)","(0,+∞)","(−∞,3/4)","(3/4,+∞)",2,
413,Matematyka,Egzaminy Maturalne,Iloczyn wszystkich rozwiązań równania 2x(x^2−9)(x+1)=0 jest równy,1qq,-3,3,0,9,2,
414,Matematyka,Egzaminy Maturalne,Miejscem zerowym funkcji liniowej f określonej wzorem f(x)=−1/3(x+3)+5 jest liczba,1qq,-3,9/2,5,12,3,
415,Matematyka,Egzaminy Maturalne,"Wykresem funkcji kwadratowej f(x)=3x^2+bx+c jest parabola o wierzchołku w punkcie 𝑊=(−3,2). Wzór tej funkcji w postaci kanonicznej to",2,f(x)=3(x−3)^2+2,f(x)=3(x+3)^2+2,f(x)=(x−3)^2+2,f(x)=(x+3)^2+2,1,
416,Matematyka,Egzaminy Maturalne,Ciąg (an) jest określony wzorem an=2n^2−30n/n dla każdej liczby naturalnej n≥1. Wtedy a7 jest równy,3,-196,-32,-26,-16,3,
417,Matematyka,Egzaminy Maturalne,"W ciągu arytmetycznym (an), określonym dla każdej liczby naturalnej n≥1, a5=−31 oraz a10=−66. Różnica tego ciągu jest równa",1,-7,"-19,4",7,"19,4",0,
418,Matematyka,Egzaminy Maturalne,"Wszystkie wyrazy nieskończonego ciągu geometrycznego (an), określonego dla każdej liczby naturalnej n≥1, są dodatnie i 9a5=4a3. Wtedy iloraz tego ciągu jest równy",,2/3,3/2,2/9,9/2,0,
419,Matematyka,Egzaminy Maturalne,Liczba cos12°⋅sin78°+sin12°⋅cos78° jest równa,2,1/2,√2/2,√3/2,1,3,
420,Matematyka,Egzaminy Maturalne,Wysokość trójkąta równobocznego jest równa 6√3. Pole tego trójkąta jest równe,1,3√3,4√3,27√3,36√3,3,
421,Matematyka,Egzaminy Maturalne,"Boki równoległoboku mają długości 6 i 10, a kąt rozwarty między tymi bokami ma miarę 120°. Pole tego równoległoboku jest równe",1,30√3,30,60√3,60,0,
422,Matematyka,Egzaminy Maturalne,"Punkty A=(−2,6) oraz B=(3,b) leżą na prostej, która przechodzi przez początek układu współrzędnych. Wtedy b jest równe",1qq,9,-9,-4,4,1,
423,Matematyka,Egzaminy Maturalne,"Dane są cztery proste k, l, m, n o równaniach: k: y=−x+1 l: y=2/3x+1 m: y=−3/2x+4 n: y=−2/3x−1 Wśród tych prostych prostopadłe są",2,proste k oraz l.,proste k oraz n.,proste l oraz m.,proste m oraz n.,2,
424,Matematyka,Egzaminy Maturalne,"Punkty K=(4,−10) i L=(b,2) są końcami odcinka KL. Pierwsza współrzędna środka odcinka KL jest równa (−12). Wynika stąd, że",2qq,b=−28,b=−14,b=−24,b=−10,0,
425,Matematyka,Egzaminy Maturalne,"Punkty A=(−4,4) i B=(4,0) są sąsiednimi wierzchołkami kwadratu ABCD . Przekątna tego kwadratu ma długość",1qq,4√10,4√2,4√5,4√7,0,
426,Matematyka,Egzaminy Maturalne,Podstawą graniastosłupa prostego jest romb o przekątnych długości 7 cm i 10 cm. Wysokość tego graniastosłupa jest krótsza od dłuższej przekątnej rombu o 2 cm. Wtedy objętość graniastosłupa jest równa,1,560 cm3,280 cm3,280/3 cm3,560/3 cm3,1,
427,Matematyka,Egzaminy Maturalne,Wszystkich różnych liczb naturalnych czterocyfrowych nieparzystych podzielnych przez 5 jest,2,9⋅8⋅7⋅2,9⋅10⋅10⋅1,9⋅10⋅10⋅2,9⋅9⋅8⋅1,1,
428,Matematyka,Egzaminy Maturalne,"Średnia arytmetyczna zestawu sześciu liczb: 2x, 4, 6, 8, 11, 13, jest równa 5. Wynika stąd, że",1,x=−1,x=7,x=−6,x=6,2,
429,Matematyka,Egzaminy Maturalne,Dokończ zdanie. Wybierz właściwą odpowiedź spośród podanych. Liczba √(3)(−27/16)⋅√(3)2 jest równa,1qq,(−3/2),3/2,2/3,(−2/3),0,
430,Matematyka,Egzaminy Maturalne,Dokończ zdanie. Wybierz właściwą odpowiedź spośród podanych. Liczba log9(27)+log9(3) jest równa,1qq,81,9,4,2,3,
431,Matematyka,Egzaminy Maturalne,Dokończ zdanie. Wybierz właściwą odpowiedź spośród podanych. Dla każdej liczby rzeczywistej a wyrażenie (2a−3)^2−(2a+3)^2 jest równe,1qq,−24a,0,18,16a^2−24a,0,
432,Matematyka,Egzaminy Maturalne,Dokończ zdanie. Wybierz właściwą odpowiedź spośród podanych. Zbiorem wszystkich rozwiązań nierówności −2(x+3)≤(2−x)/3 jest przedział,3qq,"(−∞,−4]","(−∞,4]","[−4,∞)","[4,∞)",2,
433,Matematyka,Egzaminy Maturalne,Dokończ zdanie. Wybierz właściwą odpowiedź spośród podanych. Jednym z rozwiązań równania √3(x^2−2)(x+3)=0 jest liczba,1qq,3,2,√3,√2,3,
434,Matematyka,Egzaminy Maturalne,Dokończ zdanie. Wybierz właściwą odpowiedź spośród podanych. Równanie ((x+1)(x−1)^2)/((x−1)(x+1)^2)=0 w zbiorze liczb rzeczywistych,3qq,nie ma rozwiązania .,ma dokładnie jedno rozwiązanie : −1.,ma dokładnie jedno rozwiązanie : 1.,ma dokładnie dwa rozwiązania : −1 oraz 1.,0,
435,Matematyka,Egzaminy Maturalne,"Jednym z miejsc zerowych funkcji kwadratowej f jest liczba (−5). Pierwsza współrzędna wierzchołka paraboli, będącej wykresem funkcji f, jest równa 3. Dokończ zdanie. Wybierz właściwą odpowiedź spośród podanych. Drugim miejscem zerowym funkcji f jest liczba",1,11,1,-1,-13,0,
436,Matematyka,Egzaminy Maturalne,Ciąg (an) jest określony wzorem an=2^n⋅(n+1) dla każdej liczby naturalnej n≥1. Dokończ zdanie. Wybierz właściwą odpowiedź spośród podanych. Wyraz a4 jest równy,1qq,64,40,48,80,3,
437,Matematyka,Egzaminy Maturalne,"Trzywyrazowy ciąg (27,9,a−1) jest geometryczny. Dokończ zdanie. Wybierz właściwą odpowiedź spośród podanych. Liczba a jest równa",2qq,3,0,4,2,2,
438,Matematyka,Egzaminy Maturalne,Dokończ zdanie. Wybierz właściwą odpowiedź spośród podanych. Dla każdego kąta ostrego 𝛼 wyrażenie sin^4𝛼 +sin^2𝛼 ⋅cos^2𝛼 jest równe,2,sin^2𝛼,sin^6𝛼 ⋅cos^2𝛼,sin^4𝛼+1,sin^2𝛼⋅(sin𝛼+cos𝛼)⋅(sin𝛼−cos𝛼),0,
439,Matematyka,Egzaminy Maturalne,W rombie o boku długości 6√2 kąt rozwarty ma miarę 150°. Dokończ zdanie. Wybierz właściwą odpowiedź spośród podanych. Iloczyn długości przekątnych tego rombu jest równy,1,24,72,36,36√2,1,
440,Matematyka,Egzaminy Maturalne,"W kartezjańskim układzie współrzędnych (x,y) dana jest prosta k o równaniu y=−(1/3)x+2 Dokończ zdanie. Wybierz właściwą odpowiedź spośród podanych. Prosta o równaniu y=ax+b jest równoległa do prostej k i przechodzi przez punkt P=(3,5), gdy",2qq,a=3 i b=4.,a=−1/3 i b=4.,a=3 i b=−4.,a=−1/3 i b=6.,3,
441,Matematyka,Egzaminy Maturalne,"Dany jest graniastosłup prawidłowy czworokątny, w którym krawędź podstawy ma długość 15. Przekątna graniastosłupa jest nachylona do płaszczyzny podstawy pod kątem 𝛼 takim, że cos𝛼=√2/3 . Dokończ zdanie. Wybierz właściwą odpowiedź spośród podanych. Długość przekątnej tego graniastosłupa jest równa",1,15√2,45,5√2,10,1,
442,Matematyka,Egzaminy Maturalne,W pewnym ostrosłupie prawidłowym stosunek liczby W wszystkich wierzchołków do liczby K wszystkich krawędzi jest równy W/K=3/5 . Dokończ zdanie. Wybierz właściwą odpowiedź spośród podanych. Podstawą tego ostrosłupa jest,1,kwadrat.,pięciokąt foremny.,sześciokąt foremny.,siedmiokąt foremny.,1,
443,Matematyka,Egzaminy Maturalne,"Dokończ zdanie. Wybierz właściwą odpowiedź spośród podanych. Wszystkich liczb naturalnych pięciocyfrowych, w których zapisie dziesiętnym występują tylko cyfry 0, 5, 7 (np. 57 075, 55 555), jest",2,5^3,2*4^3,2*3^4,3^5,2,
444,Matematyka,Egzaminy Maturalne,"Dane są liczby a=−1/27 , b=log1/4(64) ,c=log1/3(27) . Iloczyn abc jest równy",2qq,-9,-1/3,1/3,3,1,
445,Matematyka,Egzaminy Maturalne,"Kwotę 1000 zł ulokowano w banku na roczną lokatę oprocentowaną w wysokości 4% w stosunku rocznym. Po zakończeniu lokaty od naliczonych odsetek odprowadzany jest podatek w wysokości 19%. Maksymalna kwota, jaką po upływie roku będzie można wypłacić z banku, jest równa",2,1000*(1-81/100*4/100),1000*(1+19/100*4/100),1000*(1+81/100*4/100),1000*(1-19/100*4/100),2,
446,Matematyka,Egzaminy Maturalne,Równość m/(5-√5)=(5+√5)/5 zachodzi dla,2qq,m=5,m=4,m=1,m=-5,1,
447,Matematyka,Egzaminy Maturalne,Układ równań x-y=3 2x+0.5y=4 opisuje w układzie współrzędnych na płaszczyźnie,2,zbiór pusty.,dokładnie jeden punkt.,dokładnie dwa różne punkty.,zbiór nieskończony.,1,
448,Matematyka,Egzaminy Maturalne,Suma wszystkich pierwiastków równania (x+3)(x+7)(x-11)=0  jest równa,1qq,-1,21,1,-21,2,
449,Matematyka,Egzaminy Maturalne,Równanie (x-1)/(x+1)=x-1,3qq,ma dokładnie jedno rozwiązanie: x=1.,ma dokładnie jedno rozwiązanie: x=0.,ma dokładnie jedno rozwiązanie: x=−1.,"ma dokładnie dwa rozwiązania: x=0, x=1.",3,
450,Matematyka,Egzaminy Maturalne,"Na wykresie funkcji liniowej określonej wzorem f(x)=(m-1)x+3 leży punkt S=(5,-2). Zatem",2qq,m=−1,m=0,m=1,m=2,1,
451,Matematyka,Egzaminy Maturalne,"Funkcja liniowa f określona wzorem f(x)=2x+b ma takie samo miejsce zerowe, jakie ma funkcja liniowa g(x)=-3x+4. Stąd wynika, że",2,b=4,b=−3/2,b=−8/3,b=4/3,2,
452,Matematyka,Egzaminy Maturalne,"Funkcja kwadratowa określona jest wzorem f(x)=x^2+x+c. Jeżeli f(3)=4, to",3,f(1)=−6,f(1)=0,f(1)=6,f(1)=18,0,
453,Matematyka,Egzaminy Maturalne,Ile liczb całkowitych x spełnia nierówność 2/7<x/14<4/3?,1,14,15,16,17,0,
454,Matematyka,Egzaminy Maturalne,"W rosnącym ciągu geometrycznym (an), określonym dla n≥1 , spełniony jest warunek a4=3a1. Iloraz q tego ciągu jest równy",1,q=1/3,1=1/√(3)3,q=√(3)3,q=3,2,
455,Matematyka,Egzaminy Maturalne,"Jeżeli 0°<α<90° oraz tg=2sinα, to",2,cosα=1/2,cosα=√2/2,cosα=√3/2,cosα=1,0,
456,Matematyka,Egzaminy Maturalne,"Miara kąta wpisanego w okrąg jest o 20° mniejsza od miary kąta środkowego opartego na tym samym łuku. Wynika stąd, że miara kąta wpisanego jest równa",1,5°,10°,20°,30°,2,
457,Matematyka,Egzaminy Maturalne,Pole rombu o obwodzie 8 jest równe 1. Kąt ostry tego rombu ma miarę α. Wtedy,2,14°<α<15°,29°<α<30°,60°<α<61°,75°<α<76°,0,
458,Matematyka,Egzaminy Maturalne,Prosta l o równaniu y=m^2x+3 jest równoległa do prostej k o równaniu y=(4m-4)x-3. Zatem,2qq,m=2,m=−2,m=-2-2√2,m=2+2√2,0,
459,Matematyka,Egzaminy Maturalne,Proste o równaniach: y=2mx-m^2-1 oraz y=4m^2x+m^2+1 są prostopadłe dla,2,m=−1/2,m=1/2,m=1,m=2,0,
460,Matematyka,Egzaminy Maturalne,"Dane są punkty M=(-2,1) i N=(-1,3). Punkt K jest środkiem odcinka MN. Obrazem punktu K w symetrii względem początku układu współrzędnych jest punkt",2qq,"K'=(2,-3/2)","K'=(2,3/2)","K'=(3/2,2)","K'=(3/2,-2)",3,
461,Matematyka,Egzaminy Maturalne,Przekrojem osiowym stożka jest trójkąt równoboczny o boku długości 6. Objętość tego stożka jest równa,1,27π√3,9π√3,18π,6π,1,
462,Matematyka,Egzaminy Maturalne,Każda krawędź graniastosłupa prawidłowego trójkątnego ma długość równą 8. Pole powierzchni całkowitej tego graniastosłupa jest równe,1,8^2/3(√3/2+3),8^2*√3,8^2√6/3,8^2(√3/2+3),3,
463,Matematyka,Egzaminy Maturalne,"Średnia arytmetyczna zestawu danych: 2, 4, 7, 8, 9 jest taka sama jak średnia arytmetyczna zestawu danych: 2, 4, 7, 8, 9, x. Wynika stąd, że",1,x=0,x=3,x=5,x=6,3,
464,Matematyka,Egzaminy Maturalne,"W każdym z trzech pojemników znajduje się para kul, z których jedna jest czerwona, a druga - niebieska. Z każdego pojemnika losujemy jedną kulę. Niech p oznacza prawdopodobieństwo zdarzenia polegającego na tym, że dokładnie dwie z trzech wylosowanych kul będą czerwone. Wtedy",2,p=1/4,p=3/8,p=1/2,p=2/3,1,
465,Matematyka,Egzaminy Maturalne,Liczba 2log3(6) - log3(4) jest równa,2qq,4,2,2log3(2),log(3)8,1,
466,Matematyka,Egzaminy Maturalne,Liczba √(3)7/3 * √(3)81/56 jest równa,2qq,√3/2,3/(2√(3)21),3/2,9/4,2,
467,Matematyka,Egzaminy Maturalne,"Dane są liczby a=3,6*10^-12 oraz b=2,4*10^-20. Wtedy iloraz a b jest równy",1qq,"8,64*10^-32",1.5*10^-8,"1,5*10^8","8,64*10^32",2,
468,Matematyka,Egzaminy Maturalne,Cena roweru po obniżce o 15% był a równa 850 zł. Przed obniżką ten rower kosztował,1,"865,00zł","850,15zł","1 000,00zł","977,50zł",2,
469,Matematyka,Egzaminy Maturalne,Zbiorem wszystkich rozwiązań nierówności 1-2x/2 > 1/3 jest przedział,3,"(-∞,1/6)","(-∞,2/3)","(1/6, +∞)","(2/3, +∞)",0,
470,Matematyka,Egzaminy Maturalne,"Funkcja kwadratowa jest określona wzorem f(x)=-2(x+3)(x-5). Liczby x1, x2 są różnymi miejscami zerowymi funkcji f. Zatem",2qq,x1+x2=-8,x1+x2=-2,x1+x2=2,x1+x2=8,2,
471,Matematyka,Egzaminy Maturalne,Równanie (x^2 + 2x)/(x^2 - 4),3,"ma trzy rozwiązania: x =−2 , x = 0 , x = 2","ma dwa rozwiązania: x = 0 , x =−2","ma dwa rozwiązania: x =−2 , x = 2",ma jedno rozwiązanie: x = 0,3,
472,Matematyka,Egzaminy Maturalne,"Funkcja liniowa f określona jest wzorem f(x)=1/3x - 1, dla wszystkich liczb rzeczywistych x. Wskaż zdanie prawdziwe.",3,"Funkcja f jest malejąca i jej wykres przecina oś Oy w punkcie P=(0,1/3).","Funkcja f jest malejąca i jej wykres przecina oś Oy w punkcie P=(0,-1)","Funkcja f jest rosnąca i jej wykres przecina oś Oy w punkcie P=(0,1/3).","Funkcja f jest rosnąca i jej wykres przecina oś Oy w punkcie P=(0,-1).",3,
473,Matematyka,Egzaminy Maturalne,"Wykresem funkcji kwadratowej f(x)=x^2 - 6x - 3 jest parabola, której wierzchołkiem jest punkt o współrzędnych",1,"(-6,-3)","(-6,69)","(3,-12)","(6,-3)",2,
474,Matematyka,Egzaminy Maturalne,"Liczba 1 jest miejscem zerowym funkcji liniowej f(x)=ax+b, a punkt M=(3,-2) należy do wykresu tej funkcji. Współczynnik a we wzorze tej funkcji jest równy",1qq,1,3/2,-3/2,-1,3,
475,Matematyka,Egzaminy Maturalne,Dany jest ciąg (an) określony wzorem an = (5-2n)/6 dla n≥1 . Ciąg ten jest,3qq,arytmetyczny i jego różnica jest równa r=−1/3.,arytmetyczny i jego różnica jest równa r=−2.,geometryczny i jego iloraz jest równy q=−1/3.,geometryczny i jego iloraz jest równy q=5/6.,0,
476,Matematyka,Egzaminy Maturalne,"Dla ciągu arytmetycznego (an), określonego dla n≥1, jest spełniony warunek a4+a5+a6=12 Wtedy",1,a5=4,a5=3,a5=6,a5=5,0,
477,Matematyka,Egzaminy Maturalne,"Dany jest ciąg geometryczny (an), określony dla n≥1, w którym a1=√2, a2=2√2, a3=4√2. Wzór na n-ty wyraz tego ciągu ma postać",2,an=(√2)^n,an=2^n / √2,an=(√2/2)^n,an=(√2)^n / 2,1,
478,Matematyka,Egzaminy Maturalne,"Dany jest trójkąt o bokach długości: 2√5, 3√5, 4√5. Trójkątem podobnym do tego trójkąta jest trójkąt, którego boki mają długości",3,"10, 15, 20","20, 45, 80","√2, √3, √4","√5, 2√5, 3√5",0,
479,Matematyka,Egzaminy Maturalne,"Dany jest trapez prostokątny KLMN , którego podstawy mają długości |KL|=a, |MN|=b, a>b . Kąt KLM ma miarę °60. Długość ramienia LM tego trapezu jest równa",1,a−b,2(a-b),a+1/2b,a+b / 2,1,
480,Matematyka,Egzaminy Maturalne,"Punkt K=(2,2) jest wierzchołkiem trójkąta równoramiennego KLM , w którym |KM|=|LM| . Odcinek MN jest wysokością trójkąta i N=(4,3). Zatem",2,"L=(5,3)","L=(6,4)","L=(3,5)","L=(4,6)",1,
481,Matematyka,Egzaminy Maturalne,"Proste o równaniach y=(m+2)x+3 oraz y=(2m-1)x-3 są równoległe, gdy",2qq,m=2,m=3,m=0,m=1,1,
482,Matematyka,Egzaminy Maturalne,"W zestawie jest 2m liczb (m≥1), w tym m liczb 2 i m liczb 4. Odchylenie standardowe tego zestawu liczb jest równe",1,2,1,1/√2,√2,1,
483,Matematyka,Egzaminy Maturalne,Ile jest wszystkich liczb naturalnych czterocyfrowych mniejszych od 2018 i podzielnych przez 5?,1,402,403,203,204,3,
484,Matematyka,Egzaminy Maturalne,"W pudełku jest 50 kuponów, wśród których jest 15 kuponów przegrywających, a pozostałe kupony są wygrywające. Z tego pudełka w sposób losowy wyciągamy jeden kupon. Prawdopodobieństwo zdarzenia polegającego na tym, że wyciągniemy kupon wygrywający, jest równe",1,15/35,1/50,15/50,35/50,3,
485,Matematyka,Egzaminy Maturalne,Liczba log√2(2) jest równa,2qq,2,4,√2,1/2,0,
486,Matematyka,Egzaminy Maturalne,Liczba naturalna n=2^13*5^15 w zapisie dziesiętnym ma,2,14 cyfr,15 cyfr,16 cyfr,30 cyfr,1,
487,Matematyka,Egzaminy Maturalne,"W pewnym banku prowizja od udzielanych kredytów hipotecznych przez cały styczeń była równa 4%. Na początku lutego ten bank obniżył wysokość prowizji od wszystkich kredytów o 1 punkt procentowy. Oznacza to, że prowizja od kredytów hipotecznych w tym banku zmniejszyła się o",1,1%,25%,33%,75%,1,
488,Matematyka,Egzaminy Maturalne,Równość 1/4 + 1/5 + 1/a = 1 jest prawdziwa dla,2,a=11/20,a=8/9,a=9/8,a=20/11,3,
489,Matematyka,Egzaminy Maturalne,Para liczb x=2 i y=2 jest rozwiązaniem układu równań ax+y=4 -2x+3y=2a dla,2,a=-1,a=1,a=-2,a=2,1,
490,Matematyka,Egzaminy Maturalne,Równanie (x-1)(x+2) / (x-3) = 0,2qq,"ma trzy różne rozwiązania: x=1,x=3,x=-2.","ma trzy różne rozwiązania: x=-1,x=-3,x=2","ma dwa różne rozwiązania: x=1,x=-2","ma dwa różne rozwiązania: x=-1,x=2",2,
491,Matematyka,Egzaminy Maturalne,Miejscem zerowym funkcji liniowej f określonej wzorem f(x)=3(x+1)-6√3 jest liczba,2qq,3-6√3,1-6√3,2√3-1,2√3-1/3,2,
492,Matematyka,Egzaminy Maturalne,"W ciągu arytmetycznym (an), określonym dla n≥1, dane są dwa wyrazy: a1=7 i a8=-49 Suma ośmiu początkowych wyrazów tego ciągu jest równa",1,-168,-189,-21,-42,0,
493,Matematyka,Egzaminy Maturalne,"Dany jest ciąg geometryczny (an), określony dla n≥1. Wszystkie wyrazy tego ciągu są dodatnie i spełniony jest warunek a5/a3 = 1/9. Iloraz tego ciągu jest równy",1,1/3,1/√3,3,√3,0,
494,Matematyka,Egzaminy Maturalne,Sinus kąta ostrego α jest równy 4/5. Wtedy,2,cosα=5/4,cosα=1/5,cosα=9/25,cosα=3/5,3,
495,Matematyka,Egzaminy Maturalne,Dany jest romb o boku długości 4 i kącie rozwartym 150°. Pole tego rombu jest równe,1,8,12,8√3,16,0,
496,Matematyka,Egzaminy Maturalne,"Proste o równaniach y=(2m+2)x-2019 oraz y=(3m-3)x+2019 są równoległe, gdy",2qq,m=−1,m=0,m=1,m=5,3,
497,Matematyka,Egzaminy Maturalne,"Prosta o równaniu y=ax+b jest prostopadła do prostej o równaniu y=-4x+1 i przechodzi przez punkt P=(1/2,0), gdy",2qq,a=-4 i b=-2,a=1/4 i b=-1/8,a=-4 i b=2,a=1/4 i b=1/2,1,
498,Matematyka,Egzaminy Maturalne,"Dane są punkty o współrzędnych A=(-2,5) oraz B=(4,-1). Średnica okręgu wpisanego w kwadrat o boku AB jest równa",1qq,12,6,6√2,2√6,2,
499,Matematyka,Egzaminy Maturalne,Promień kuli i promień podstawy stożka są równe 4. Pole powierzchni kuli jest równe polu powierzchni całkowitej stożka. Długość tworzącej stożka jest równa,1,8,4,16,12,3,
500,Matematyka,Egzaminy Maturalne,"Mediana zestawu sześciu danych liczb: 4, 8, 21, a, 16, 25, jest równa 14. Zatem",1,a=7,a=12,a=14,a=20,1,
501,Matematyka,Egzaminy Maturalne,"Wszystkich liczb pięciocyfrowych, w których występują wyłącznie cyfry 0, 2, 5, jest",1,12,36,162,243,2,
502,Matematyka,Egzaminy Maturalne,"W pudełku jest 40 kul. Wśród nich jest 35 kul białych, a pozostałe to kule czerwone. Prawdopodobieństwo wylosowania każdej kuli jest takie samo. Z pudełka losujemy jedną kulę. Prawdopodobieństwo zdarzenia polegającego na tym, że otrzymamy kulę czerwoną, jest równe",1,1/8,1/5,1/40,1/35,0,
503,Matematyka,Egzaminy Maturalne,Liczba 5^8*16^-2 jest równa,2,(5/2)^8,5/2,10^8,10,0,
504,Matematyka,Egzaminy Maturalne,Liczba √(3)54-√(3)2 jest równa,2qq,√(3)52,3,2√(3)2,2,2,
505,Matematyka,Egzaminy Maturalne,Liczba 2log2(3)-2log2(5) jest równa,2qq,log2(9/25),log2(3/5),log2(9/5),log2(6/25),0,
506,Matematyka,Egzaminy Maturalne,Liczba osobników pewnego zagrożonego wyginięciem gatunku zwierząt wzrosła w stosunku do liczby tych zwierząt z 31 grudnia 2011 r. o 120% i obecnie jest równa 8910. Ile zwierząt liczyła populacja tego gatunku w ostatnim dniu 2011 roku?,1,4050,1782,7425,7128,0,
507,Matematyka,Egzaminy Maturalne,Równość (x√2-2)^2=(2+√2)^2 jest,2qq,prawdziwa dla x=−√2.,prawdziwa dla x=√2.,prawdziwa dla x=−1.,fałszywa dla każdej liczby x.,2,
508,Matematyka,Egzaminy Maturalne,Do zbioru rozwiązań nierówności (x^4+1)(2-x)>0 nie należy liczba,2qq,-3,-1,1,3,3,
509,Matematyka,Egzaminy Maturalne,Równanie x(x^2-4)(x^2+4)=0 z niewiadomą x,2qq,nie ma rozwiązań w zbiorze liczb rzeczywistych.,ma dokładnie dwa rozwiązania w zbiorze liczb rzeczywistych.,ma dokładnie trzy rozwiązania w zbiorze liczb rzeczywistych.,ma dokładnie pięć rozwiązań w zbiorze liczb rzeczywistych.,2,
510,Matematyka,Egzaminy Maturalne,Miejscem zerowym funkcji liniowej f(x)=√3(x+1)-12 jest liczba,2qq,√3-4,-2√3+1,4√3-1,-√3+12,2,
511,Matematyka,Egzaminy Maturalne,"W ciągu arytmetycznym (an), określonym dla n≥1, dane są: a1=5, a2=11. Wtedy",2,a14=71,a12=71,a11=71,a10=71,1,
512,Matematyka,Egzaminy Maturalne,"Dany jest trzywyrazowy ciąg geometryczny (24, 6, a−1). Stąd wynika, że",2,a=5/2,a=2/5,a=3/2,a=2/3,0,
513,Matematyka,Egzaminy Maturalne,"Jeśli m=sin50°, to",2,m=sin40°,m=cos40°,m=cos50°,m=tg50°,1,
514,Matematyka,Egzaminy Maturalne,"Na płaszczyźnie z układem współrzędnych proste k i l przecinają się pod kątem prostym w punkcie A=(-2,4) . Prosta k jest określona równaniem y=-1/4x + 7/2. Zatem prostą l opisuje równanie",2,y=1/4x + 7/2,y=-1/4x - 7/2,y=4x-12,y=4x+12,3,
515,Matematyka,Egzaminy Maturalne,"Dany jest okrąg o środku S=(2,3) i promieniu r=5. Który z podanych punktów leży na tym okręgu?",2qq,"A=(-1,7)","B=(2,-3)","C=(3,2)","D=(5,3)",0,
516,Matematyka,Egzaminy Maturalne,"Pole powierzchni całkowitej graniastosłupa prawidłowego czworokątnego, w którym wysokość jest 3 razy dłuższa od krawędzi podstawy, jest równe 140. Zatem krawędź podstawy tego graniastosłupa jest równa",1,√10,3√10,√42,3√42,0,
517,Matematyka,Egzaminy Maturalne,Dany jest stożek o wysokości 4 i średnicy podstawy 12. Objętość tego stożka jest równa,1,576π,192π,144π,48π,3,
518,Matematyka,Egzaminy Maturalne,"Średnia arytmetyczna o śmiu liczb: 3, 5, 7, 9, x, 15, 17, 19 jest równa 11. Wtedy",1,x=1,x=2,x=11,x=13,3,
519,Matematyka,Egzaminy Maturalne,"Ze zbioru dwudziestu czterech kolejnych liczb naturalnych od 1 do 24 losujemy jedną liczbę. Niech A oznacza zdarzenie, że wylosowana liczba będzie dzielnikiem liczby 24. Wtedy prawdopodobieństwo zdarzenia A jest równe",1,1/4,1/3,1/8,1/6,1,
520,Matematyka,Egzaminy Maturalne,Wielomian W określony wzorem W(x)=x^2019 - 3x^2000 + 2x + 6,3,jest podzielny przez (x-1) i z dzielenia przez (x+1) daje resztę równą 6.,jest podzielny przez (x+1) i z dzielenia przez (x−1) daje resztę równą 6.,jest podzielny przez (x-1) i jest podzielny przez (x+1).,"nie jest podzielny ani przez (x-1), ani przez (x+1).",1,
521,Matematyka,Egzaminy Maturalne,Ciąg (an) jest określony wzorem an=(3n^2+7n-5)/(11-5n+5n^2) dla każdej liczby naturalnej n≥1. Granica tego ciągu jest równa,1qq,3,1/5,3/5,-5/11,2,
522,Matematyka,Egzaminy Maturalne,"Mamy dwie urny. W pierwszej są 3 kule białe i 7 kul czarnych, w drugiej jest jedna kula biała i 9 kul czarnych. Rzucamy symetryczną sześcienną kostką do gry, która na każdej ściance ma inną liczbę oczek, od jednego oczka do sześciu oczek. Jeśli w wyniku rzutu otrzymamy ściankę z jednym oczkiem, to losujemy jedną kulę z pierwszej urny, w przeciwnym przypadku - losujemy jedną kulę z drugiej urny. Wtedy prawdopodobieństwo wylosowania kuli białej jest równe",1,2/15,1/5,4/5,13/15,0,
523,Matematyka,Egzaminy Maturalne,Po przekształceniu wyrażenia algebraicznego (x√2 + y√3)^2 do postaci ax^4 + bx^3y + cx^2y^2 + dxy^3 + ey^4 współczynnik c jest równy,1qq,6,36,8√6,12√6,1,
524,Matematyka,Egzaminy Maturalne,Liczba ((√(2-√3))-(√(2+√3)))^2 jest równa,2qq,2,4,√3,2√3,0,
525,Matematyka,Egzaminy Maturalne,Nieskończony ciąg liczbowy jest określony wzorem an=((n^2-10n)(2-3n))/(2n^3+n^2+3) dla n≥1. Wtedy,2qq,lim(an)=1/2 n→∞,lim(an)=0 n→∞,lim(an)=-∞ n→∞,lim(an)=-3/2 n→∞,3,
526,Matematyka,Egzaminy Maturalne,"Dane są punkt B=(-4,7) wektor u=[-3,5]. Punkt A, taki, że AB=-3u, ma współrzędne",1qq,"A=(5,-8)","A=(-13,22)","A=(9,-15)","A=(12,24)",1,
527,Matematyka,Egzaminy Maturalne,"Dla dowolnych liczb x>0, x=/=1, y>0, y=/=1 wartość wyrażenia (log1/x(y))*(log1/y(x)) jest równa",3,x⋅y,1/xy,-1,1,3,
528,Matematyka,Egzaminy Maturalne,Liczba cos^2(105°)-sin^2(105°) jest równa,3,-√3/2,-1/2,1/2,√3/2,0,
529,Matematyka,Egzaminy Maturalne,"Zdarzenia losowe A i B zawarte w Ω są takie, że prawdopodobieństwo P(B′) zdarzenia B′ przeciwnego do zdarzenia B, jest równe 1/4. Ponadto prawdopodobieństwo warunkowe P(A|B)=1/5. Wynika stąd, że",1,P(A∩B)=1/20,P(A∩B)=4/15,P(A∩B)=3/20,P(A∩B)=4/5,2,
530,Matematyka,Egzaminy Maturalne,Różnica cos^2(165°) − sin^2(165°) jest równa,1qq,-1,-3√2,-1/2,√3/2,3,
531,Matematyka,Egzaminy Maturalne,Wielomian W(x)=x^3+81 jest podzielny przez,3,x−3,x^2+9,x^2−3√2x+9,x^2+3√2x−9,2,
532,Matematyka,Egzaminy Maturalne,Liczba różnych pierwiastków równania 3x + |x−4|=0 jest równa,2,0,1,2,3,1,
533,Matematyka,Egzaminy Maturalne,Granica lim x→1 (x^3−1/(x−1)(x+2)) jest równa,2,-1,0,1/3,1,3,
534,Matematyka,Egzaminy Maturalne,"Dane są wektory u⃗ =[4,−5] oraz 𝑣 =[−1,−5]. Długość wektora u⃗ −4𝑣 jest równa",3,7,15,17,23,2,
535,Matematyka,Egzaminy Maturalne,"Dany jest zbiór trzynastu liczb {1,2,3,4,5,6,7,8,9,10,11,12,13}, z którego losujemy jednocześnie dwie liczby. Wszystkich różnych sposobów wylosowania z tego zbioru dwóch liczb, których iloczyn jest liczbą parzystą, jest",2,(7 2)+49,(6 1)⋅(7 1)+49,(13 2)−(7 2),(13 2)−(6 2),2,
536,Matematyka,Egzaminy Maturalne,W rozwinięciu wyrażenia (2√3x+4v)^3 współczynnik przy iloczynie xy^2 jest równy,2qq,32√3,48,96√3,144,2,
537,Matematyka,Egzaminy Maturalne,Wielomian W(x)=6x^3 + 3x^2 - 5x + p jest podzielny przez dwumian x−1 dla p równego,2,4,-2,2,-4,3,
538,Matematyka,Egzaminy Maturalne,Funkcja f(x)=(3x-1)/(x^2+4) jest określona dla każdej liczby rzeczywistej x. Pochodna tej funkcji jest określona wzorem,2qq,f'(x)=(-3x^2+2x+12)/((x^2+4)^2),f'(x)=(-9x^2+2x-12)/((x^2+4)^2),f'(x)=(3x^2-2x-12)/((x^2+4)^2),f'(x)=(9x^2-2x+12)/((x^2+4)^2),0,
539,Matematyka,Egzaminy Maturalne,"Granica lim((pn^2+4n)^3/(5n^6-4))=-(8/5) przy n→∞. Wynika stąd, że",2qq,p=-8,p=4,p=2,p=-2,3,
540,Matematyka,Egzaminy Maturalne,"Dane są liczby: a=√(4)8/2, b=1/2√(4)8, c=√(4)8, d=2/√(4)8 i k=2^(-1/4). Prawdziwa jest równość",2qq,k=a,k=b,k=c,k=d,0,
541,Matematyka,Egzaminy Maturalne,Równanie ||x|-2|=|x|+2,2,nie ma rozwiązań.,ma dokładnie jedno rozwiązanie.,ma dokładnie dwa rozwiązania.,ma dokładnie cztery rozwiązania.,1,
542,Matematyka,Egzaminy Maturalne,Wartość wyrażenia 2log5(10) - 1/log20(5) jest równa,2qq,-1,0,1,2,2,
543,Matematyka,Egzaminy Maturalne,Granica lim x→3- (-x+2)/(x^2-5x+6) jest równa,2qq,−∞,-1,0,+∞,3,
544,Matematyka,Egzaminy Maturalne,Liczba log3(√27)−log27(√3) jest równa,2qq,4/3,1/2,11/12,3,0,
545,Matematyka,Egzaminy Maturalne,Funkcja f jest określona wzorem f(x)=(x^3−8)/(x−2) dla każdej liczby rzeczywistej x=/=2. Wartość pochodnej tej funkcji dla argumentu x=1/2 jest równa,1qq,3/4,9/4,3,54/8,2,
546,Matematyka,Egzaminy Maturalne,"Jeżeli cos𝛽=−1/3 i 𝛽∈(𝜋,3/2𝜋), to wartość wyrażenia sin(𝛽−1/3𝜋) jest równa",2qq,(−2√2+√3)/6,(2√6+1)/6,(2√2+√3)/6,(1−2√6)/6,0,
547,Matematyka,Egzaminy Maturalne,"Dane są dwie urny z kulami. W każdej z urn jest siedem kul. W pierwszej urnie są jedna kula biała i sześć kul czarnych, w drugiej urnie są cztery kule białe i trzy kule czarne. Rzucamy jeden raz symetryczną monetą . Jeżeli wypadnie reszka , to losujemy jedną kulę z pierwszej urny, w przeciwnym przypadku - jedną kulę z drugiej urny. Prawdopodobieństwo zdarzenia polegającego na tym, że wylosujemy kulę białą w tym doświadczeniu , jest równe",1,5/14,9/14,5/7,6/7,0,
548,Matematyka,Egzaminy Maturalne,Dana jest funkcja f określona wzorem f(x)=x-2 dla x≤0 i f(x)=||x+3|-4| dla x>0 Równanie f(x)=1 ma dokładnie,3,jedno rozwiązanie.,dwa rozwiązania.,cztery rozwiązania.,pięć rozwiązań.,0,
549,Matematyka,Egzaminy Maturalne,Liczba (3-2√3)^3 jest równa,2qq,27−24√3,27−30√3,135−78√3,135−30√3,2,
550,Matematyka,Egzaminy Maturalne,"Równanie 2sinx+3cosx=6 w przedziale (0, 2π)",3qq,nie ma rozwiązań rzeczywistych.,ma dokładnie jedno rozwiązanie rzeczywiste.,ma dokładnie dwa rozwiązania rzeczywiste.,ma więcej niż dwa rozwiązania rzeczywiste.,0,
551,Matematyka,Egzaminy Maturalne,Odległość początku układu współrzędnych od prostej o równaniu y=2x+4 jest równa,1,√5/5,4√5/5,4/5,4,1,
,,,,,,,,,,
,,,,1,1q,,,,,
,,,,184,24,55,,,,